land_id,nickname,describe,share_users,range
B2A0A5BCDE2D,秋山温泉度假会馆 南区,"此领地属于 Ultroveritas中央委员会 合作社的公有领地
东樱村 东南部","Qiyushishuji, Heinrich4084, Syndikaze, TohoYouyouMu, ForeverZzz2408","(-408,-64,77)→(-321,320,97)[主世界]"
C611159E3064,村庄旁有掠夺者,,,"(-890,-64,17004)→(-887,320,17004)[主世界]"
0FC0D4F256AB,,,,"(1632,-64,-568)→(1674,320,-516)[主世界]"
C89379F1579B,恶地,,,"(210,-64,-3124)→(213,320,-3118)[主世界]"
75161A0CFECC,樱花小屋,,htdl19083669,"(3062,67,-613)→(3063,68,-612)[主世界]"
2180BEC83936,[白玉楼协会] 合作社 梦之岛，仆之家,[白玉楼协会] 合作社 梦之岛，仆之家,"SayojiKoishi, youyouzi115, Shiroha77, Carmen789321, NeiGuiYYDS, DoctorL06, PLR458, E761113, ShiftedChara449, TKxiao yi, Dissenotfind, qinfeng8523, Ocean12000","(228,-64,-136)→(369,320,11)[主世界]"
5D6B1A7C8641,,,[未知:2535429241207712],"(-383,-64,-202)→(-354,320,-173)[主世界]"
BFCB05DBF37E,北方新岛开发区 西部,,"ShiftedChara449, LacyBarley63167, RiverLight38454, LeiXiaoX, Heinrich4084, TohoYouyouMu, HansarDeus, dfgzaomiao, Syndikaze","(-178,-64,-1056)→(-56,320,-858)[主世界]"
C426558F4757,,,,"(1386,-64,4171)→(1418,320,4204)[主世界]"
28AD90D0A376,西行镇 Ultroveritas科学文化宫,,RiverLight38454,"(-726,64,-141)→(-611,188,-46)[主世界]"
697487BBB65B,雪地,,,"(5311,-64,1309)→(5315,320,1313)[主世界]"
32458920F58A,Site-CN-06 Area-5,,Soviet Union614,"(3248,-64,-272)→(3407,320,-113)[主世界]"
A08C5468859F,小野塚町 二丁目 一番,,"TohoYouyouMu, Heinrich4084, ShiftedChara449, LacyBarley63167, dfgzaomiao, HansarDeus, RiverLight38454, ALEX57152, Syndikaze","(-3736,-64,-1592)→(-3682,320,-1558)[主世界]"
86E0D63EDE6E,摩西欢迎您！,,,"(2777,-64,1977)→(2804,320,2002)[主世界]"
962A30DD1BEF,野外,,,"(3061,65,2670)→(3064,66,2673)[主世界]"
A0C756CE7824,黑古堡,,ImaoyueI,"(1925,-64,4457)→(1951,320,4490)[主世界]"
655FAEA66830,西行商会——璃海商行雪原分行,"此领地属于 Ultroveritas中央委员会 合作社的公有领地
西行商会——璃海商行雪原分行","TohoYouyouMu, ImaoyueI, Heinrich4084, DoctorL06, Qiyushishuji, Syndikaze, HansarDeus, ForeverZzz2408, XmNyanCat, LacyBarley63167, ALEX57152, dfgzaomiao, haaamburger1996, Liqiu36","(3522,44,-737)→(3578,95,-673)[主世界]"
3B8AF98FCD59,西行殖民地,,,"(-3919,117,-1631)→(-3916,118,-1628)[主世界]"
5201F3924AFB,乡间小屋,,htdl19083669,"(-1420,63,120)→(-1419,64,121)[主世界]"
8B285E425505,,,,"(3213,-64,2641)→(3246,320,2681)[主世界]"
6C44BC577962,和凤猫舍,,,"(3517,63,2770)→(3533,75,2784)[主世界]"
431BE30E881A,发家之地，森林之塔,,,"(-5822,63,-3274)→(-5812,100,-3264)[主世界]"
27354C28F39B,FairestTrout790の领地,,[未知:2535460725003162],"(3655,62,2886)→(3658,63,2888)[主世界]"
cd4405f2-c887-4333-9375-b35f2da890aa,[体育部] 犬明湖林场,[体育部] 合作社 犬明湖林场,"AntimatterCorp, [未知:2535438107249475], [未知:2535463843362597], [未知:2535453017135428], [未知:2535451244239520], [未知:2535416578459598]","(3297,66,1799)→(3305,82,1807)[主世界]"
9D989F5F4D63,,,,"(1756,83,-631)→(1758,84,-629)[下界]"
B65D5E9E6546,,,,"(3889,60,-117)→(3896,61,-114)[下界]"
5770A9C4AF14,Katyushaの湖景别墅,,,"(3421,-64,2752)→(3435,320,2772)[主世界]"
D460F8B8429A,雪地高山,,,"(5481,155,1020)→(5484,156,1024)[主世界]"
0F8437787644,凯尔希工业地,,[未知:2535409442693219],"(2074,-64,4647)→(2132,320,4741)[主世界]"
D9E462FAD88E,塔顶,,"ImaoyueI, [未知:2535414821585066], GeeGBot, ForeverZzz2408, [未知:2535461964949076], SolidComb522181, [未知:2535458075746856], DaNaiLong KING, CommetWind, [未知:2535422898556844], SteelBag8401029, AntimatterCorp, LacyBarley63167, DoctorL06, [未知:2535459717153374], Stone5koishi, [未知:2535472959573936], [未知:2535469693193762], ougenduqin, HansarDeus, [未知:2535460987802090], [未知:2535424050028871], mingzhouNB666, Syndikaze, abgewlms, Qiyushishuji, [未知:2535416836754175], [未知:2535459664729864], AbruptFox116621, MarIE7943, htdl19083669, StarFaith2007, GenunineColt568, Ocean12000, Carmen789321, [未知:2535438411385450], HuoHua7777, ShiftedChara449, [未知:2535465638172743], [未知:2535461714560021], [未知:2535438796014443], [未知:2535434211057244]","(4096,103,-1210)→(4210,123,-1096)[主世界]"
BA1CC39541EF,蘑菇岛,,,"(-1188,-64,-562)→(-1166,320,-539)[主世界]"
6E93DCC8817B,村庄,,,"(-5274,-64,6734)→(-5270,320,6736)[主世界]"
C5136042A4E0,临时点,,,"(4548,63,1382)→(4561,65,1394)[主世界]"
DA8F6A9E759C,SuzerHome01,,,"(3033,-64,4607)→(3052,320,4626)[主世界]"
B603ABF56FE5,樱花小屋,,,"(3891,60,1573)→(3909,77,1604)[主世界]"
F3CA0EF16DCC,,,,"(160,-64,3696)→(319,320,3855)[主世界]"
ADF2A1B38C02,末地中转站05,,,"(28542,101,25664)→(28547,103,25670)[末地]"
BFD15438BF85,黄金王座,,"DoctorL06, MarIE7943, Luoxiyilian2313, Ocean12000, [未知:2535409442693219], RiverLight38454","(3829,106,-557)→(3839,120,-545)[主世界]"
798711F94856,,,,"(-153,68,216)→(-149,71,220)[主世界]"
CBCDC47F7ED1,[幽匿教会] 合作社 ,小黑塔,,"(230,0,-12)→(245,256,-3)[末地]"
9D3A77B59446,卡斯特中央银行驻西行州分行,"此领地属于 Ultroveritas中央委员会 合作社的公有领地
西行镇——璃海苏维埃总领事馆","Syndikaze, Qiyushishuji, Heinrich4084, HansarDeus, TohoYouyouMu, ForeverZzz2408, XmNyanCat, dfgzaomiao, Evan52661314, xiaoyuan129, GeeGBot, Luoxiyilian2313, haaamburger1996, RiverLight38454, GenunineColt568, Soviet Union614, LacyBarley63167, ALEX57152, Kaname Rana1597","(-543,60,81)→(-499,125,129)[主世界]"
77F230B14AD7,凋零骷髅塔[传送点],,,"(56544,-64,60176)→(56559,320,60199)[主世界]"
818A1EFA79B9,,,,"(3018,90,-2114)→(3020,121,-2094)[主世界]"
591980CD6B14,飞行点,,,"(-496,-64,92)→(-493,320,92)[主世界]"
F6BF0F6647E3,魔法小屋,,ImaoyueI,"(3970,60,-640)→(3999,70,-607)[主世界]"
746256E9FFF9,西行州工业基地【州联委员会总部】,"此领地属于 Ultroveritas中央委员会 合作社的公有领地
西行镇——西行镇管委会","TohoYouyouMu, Heinrich4084, Kaname Rana1597, ForeverZzz2408, Syndikaze, Qiyushishuji, HansarDeus, ImaoyueI, DoctorL06, XmNyanCat, [未知:2535444422073232], LacyBarley63167, dfgzaomiao, ALEX57152, haaamburger1996, [未知:2535453287059857], [未知:2535458075746856], GeeGBot, Evan52661314, xiaoyuan129, Nacho Cat China, Liqiu36, ShiftedChara449, [未知:2535422890699342], RiverLight38454","(-602,-64,-140)→(-498,320,60)[主世界]"
760494B5B75F,[小石社]试炼4,"此领地属于 卯月村供销合作社 合作社的公有领地
","ImaoyueI, MarIE7943, Mengyuan7544, kokorochan223, LingYingFox0, DoctorL06, Teaffee4438, Ocean12000, Big chicken8959, RiverLight38454, ZiMo0512, xize2333jun, AbsurdCase40986, xiakenana, Cattle99, Luoxiyilian2313, FangZhuBingMing, siri9V4458, Stone5koishi, LeaveSharkCat, palladio6674, GenunineColt568, JiuSi0414, DaNaiLong KING, Shiroha77, SteelBag8401029, mingzhouNB666, Exusiai5871, SolidComb522181, TohoYouyouMu, Stone9328, Carmen789321, TanMongR233","(9299,-16,50)→(9302,-12,53)[主世界]"
5382C5A17A32,,,,"(6591,63,-6671)→(6598,67,-6663)[主世界]"
170CFA19ADBC,红树林,这只是传送用的ˉ﹃ˉ,[未知:2535460817074170],"(-1415,71,-2250)→(-1415,73,-2247)[主世界]"
54dac3d0-cf72-4599-a16e-288afa00112f,小木屋,,,"(3087,77,2395)→(3104,87,2408)[主世界]"
D142828968EB,空岛（第3象限）,,"[未知:2535409442693219], Kaname Rana1597, bex4878","(1700,-64,2192)→(1860,320,2299)[主世界]"
FF4D22C27B4E,旅1,,,"(2243,-64,-6898)→(2243,320,-6895)[主世界]"
DEBD9D00511B,老六,,,"(4401,115,290)→(4422,116,305)[主世界]"
87D2E6FD6B6D,herobrine95035的领地,高能战斗场,,"(3697,-64,2909)→(3702,320,2913)[主世界]"
39707D0BA503,[樱树乡] 合作社 14,[樱树乡] 合作社 14,"[未知:2535439539737216], mengyaochenming, Nacho Cat China, Carmen789321","(2928,-64,1648)→(3071,320,1759)[主世界]"
B687E9C8B417,[卯月村供销合作社] 海底神殿,"此领地属于 卯月村供销合作社 合作社的公有领地
海底神殿","Teaffee4438, ougenduqin, ImaoyueI, MarIE7943, Mengyuan7544, kokorochan223, LingYingFox0, DoctorL06, Ocean12000, Big chicken8959, RiverLight38454, ZiMo0512, xize2333jun, AbsurdCase40986, xiakenana, Cattle99, Luoxiyilian2313, FangZhuBingMing, siri9V4458, Stone5koishi, LeaveSharkCat, palladio6674, GenunineColt568, JiuSi0414, DaNaiLong KING, Shiroha77, SteelBag8401029, mingzhouNB666, Exusiai5871, SolidComb522181, Stone9328, Carmen789321, TanMongR233","(871,62,-6538)→(874,64,-6535)[主世界]"
237E8F2D3DF7,防空塔,,"ImaoyueI, [未知:2535414821585066], GeeGBot, ForeverZzz2408","(4106,63,-1200)→(4200,102,-1106)[主世界]"
7C46CE8108E6,[安普建工] 东北博物馆,"此领地属于 安普建工 合作社的公有领地
东北博物馆",RiverLight38454,"(3237,-64,-2060)→(3349,320,-1999)[主世界]"
B1A2830A57C1,玛莉的随便一个领地,,"ImaoyueI, [未知:2535411716292234]","(-708,121,-8695)→(-702,125,-8689)[主世界]"
695281390C11,Site-CN-06 Area-9,,Soviet Union614,"(3088,-64,-112)→(3247,320,47)[主世界]"
4899511E0B64,,,,"(800,-64,3536)→(959,320,3695)[主世界]"
73C608BADDDD,,,ImaoyueI,"(3903,293,-612)→(3934,298,-597)[主世界]"
B167FFCD70DA,[MyGO!!!!!]快乐老家,[MyGO!!!!!] [MyGO!!!!!] 快乐老家[主世界],,"(208,-64,880)→(367,320,1039)[主世界]"
1E00F26D47EC,洞穴,,,"(4299,108,625)→(4300,110,628)[主世界]"
E25C6F565A27,KFC,,,"(1922,93,827)→(1923,94,828)[主世界]"
D713B970E880,北方新岛开发区 东部,,"ShiftedChara449, GeeGBot, LacyBarley63167, ALEX57152, RiverLight38454, LeiXiaoX, Heinrich4084, TohoYouyouMu, HansarDeus, dfgzaomiao, Syndikaze","(-55,-64,-1056)→(72,320,-858)[主世界]"
F2F6973CF533,● 圣理教§u堂 ●,,"[未知:2535432240394504], AntimatterCorp, Soviet Union614, MarIE7943, DoctorL06, xiakenana, Cattle99, dfgzaomiao, Luoxiyilian2313, HuoHua7777, ImaoyueI, SteelBag8401029, GenunineColt568, [未知:2535409442693219], Kaname Rana1597","(-2741,-64,-2060)→(-2670,320,-2020)[主世界]"
075A3547D5BD,凯尔希的根据地,"此领地属于 便利屋68 合作社的公有领地
凯尔希的根据地",,"(2101,-64,4617)→(2110,320,4626)[主世界]"
48310BC3D924,,,,"(-9166,63,7888)→(-9165,64,7889)[主世界]"
347B21D84E3C,僵尸刷怪笼,,[未知:2535462613164805],"(2978,-31,5202)→(2979,-30,5203)[主世界]"
388FA5260BFD,Ultroveritas驻犬明湖大使馆,"此领地属于 Ultroveritas中央委员会 合作社的公有领地
","Qiyushishuji, TohoYouyouMu, Heinrich4084, ForeverZzz2408, Syndikaze, HansarDeus, XmNyanCat","(2792,40,2342)→(2935,87,2470)[主世界]"
68D5B2125657,,,,"(3496,94,5158)→(3507,95,5172)[主世界]"
FABCF280297D,herobrine95035的家,这是我的家，大家可以随便瞅瞅。（但不能设置home）,,"(3694,-64,2683)→(3715,320,2704)[主世界]"
CA8817C3D8E5,洩矢神社,Stage EX   愉悦的日本神明,"coke6263, ImaoyueI, Stone5koishi, ShiftedChara449, Kelsey3410, CommetWind, ougenduqin","(-3867,63,-1659)→(-3760,123,-1636)[主世界]"
932B4A878BEC,❤️,被发现了被发现了被发现了被发现了被发现了被发现了被发现了被发现了被发现了被发现了被发现了被发现了被发现了被发现了被发现了被发现了被发现了被发现了被发现了被发现了被发现了被发现了被发现了被发现了被发,ImaoyueI,"(3661,-64,-743)→(3683,320,-722)[主世界]"
7233964EC56D,豪宅,,"htdl19083669, [未知:2535409442693219], Kaname Rana1597, JiuSi0414, [未知:2535461462345824], [未知:2535435408222217], ALEX57152","(-242,90,1841)→(-84,200,1999)[主世界]"
b4862e43-0c97-4a1d-bf35-11f85c6ba3c1,天然形成爱心湖（五星景点）,,,"(3321,56,2755)→(3340,68,2789)[主世界]"
36942417BDE4,,,,"(6608,-26,-6701)→(6613,-25,-6699)[主世界]"
1FFFD43B04A8,玛莉的麦当当,,"ImaoyueI, [未知:2535411716292234], [未知:2535464158898895], Qiyushishuji, DoctorL06","(3605,66,-754)→(3623,71,-735)[主世界]"
E20BAA8E2107,可爱路灯,,,"(3571,64,2729)→(3580,82,2740)[主世界]"
DC408A9659E6,猪人塔,,,"(-104,-64,-2312)→(4,320,-2246)[主世界]"
6646B5904139,★蝾螈温泉公主专用客房★,,,"(3446,87,1767)→(3465,91,1780)[主世界]"
655EA1CA6DE0,要塞,,,"(617,60,-282)→(637,62,-278)[下界]"
7749F4C44216,神sese,,[未知:2535412120333053],"(3342,-64,980)→(3452,320,1141)[主世界]"
13598C4F14B0,[樱树乡] 合作社 7,[樱树乡] 合作社 7,"[未知:2535439539737216], mengyaochenming, Nacho Cat China, Carmen789321","(3008,-64,1952)→(3055,320,2031)[主世界]"
61ABDA2F8644,地下浆果,,,"(2209,-64,4031)→(2293,320,4090)[主世界]"
6769001F715B,[玫瑰岛共和国] 合作社 南方无名小岛-西北,[玫瑰岛共和国] 合作社 南方无名小岛-西北,"SayojiKoishi, wtouou, TabooAttic15546, mih00him","(-283,-64,1564)→(-208,320,1664)[主世界]"
01A50517B253,三个生怪砖,,,"(-4862,-45,5213)→(-4861,-44,5215)[主世界]"
AFB4E2A5E468,[星之猫猫商业圈] 合作社 猫猫快捷旅店,[星之猫猫商业圈] 合作社 猫猫快捷旅店,StarFaith2007,"(3390,63,2773)→(3403,110,2792)[主世界]"
83D9F18035A6,末地中转站3,,,"(25388,101,23414)→(25393,104,23420)[末地]"
F78BFEC4021F,[白玉楼协会] 合作社 农田,"此领地属于 白玉楼协会 合作社的公有领地
农田","youyouzi115, NeiGuiYYDS, DoctorL06, PLR458, E761113, ShiftedChara449, TKxiao yi, Dissenotfind, qinfeng8523, Ocean12000, Shiroha77, ImaoyueI","(1926,62,4497)→(1942,63,4527)[主世界]"
E2CD66AE5ADE,夜雀食堂,夜雀食堂,,"(3430,63,2798)→(3453,73,2815)[主世界]"
4C723BE68A62,初音未来,,[未知:2535435408222217],"(-506,66,75)→(-504,67,77)[主世界]"
492239A41A67,[樱树乡] 合作社 26,[樱树乡] 合作社 26,"Nacho Cat China, Carmen789321","(3184,-64,1640)→(3256,320,1739)[主世界]"
AD4475C3A537,[樱树乡] 合作社 12,[樱树乡] 合作社 12,"[未知:2535439539737216], mengyaochenming, Nacho Cat China, Carmen789321","(3008,-64,1760)→(3055,320,1823)[主世界]"
EB3DEEA40A1E,,,[未知:2535411716292234],"(-3781,-64,-2983)→(-3719,320,-2933)[主世界]"
8B4EC0B5E16A,非常高级的高手的高级的基地,,[未知:2535434185141840],"(-261,56,38)→(-202,75,57)[主世界]"
440E5E9B984D,[樱树乡] 合作社 3,[樱树乡] 合作社 3,"[未知:2535439539737216], mengyaochenming, Nacho Cat China, Carmen789321, Kaname Rana1597","(2832,-64,1824)→(2927,320,1871)[主世界]"
9B297DF91156,部落,,htdl19083669,"(-2835,71,-3007)→(-2833,72,-3005)[主世界]"
ed1bb822-9d20-4b3e-96fb-df465b701917,箱子,,,"(-1733,61,-1901)→(-1719,70,-1884)[主世界]"
6714B74E8784,[山卡拉之地] 刷线和骨头,"此领地属于 山卡拉之地 合作社的公有领地
刷线和骨头",,"(2474,-64,-635)→(2504,320,-608)[主世界]"
772A4DADA1B4,祭坛,,,"(3743,65,1737)→(3756,72,1751)[主世界]"
3A82942C1A21,[玫瑰岛共和国] 合作社 南方的无名小岛-西南,[玫瑰岛共和国] 合作社 南方的无名小岛-西南,"SayojiKoishi, wtouou, TabooAttic15546, mih00him","(-283,-64,1665)→(-207,320,1720)[主世界]"
319CD6952048,,,,"(320,-64,4176)→(479,320,4335)[主世界]"
b3879dd3-2ea4-4e37-a84d-64c57e03c3b8,信标,,,"(2771,-64,2043)→(2777,320,2049)[主世界]"
6D30ACB6114D,As的小窝,,[未知:2535412684834496],"(3183,61,2573)→(3288,71,2620)[主世界]"
41A447E0D726,宝箱,寻宝－不破坏,,"(-127,70,-77)→(-99,84,-70)[主世界]"
AD34BD933D58,新璃岛 东部群岛,,"dfgzaomiao, Evan52661314, GeeGBot, RiverLight38454, [未知:2535458075746856], xiaoyuan129, TohoYouyouMu, ShiftedChara449, LacyBarley63167, Heinrich4084, [未知:2535422890699342]","(292,-64,1962)→(405,320,2121)[主世界]"
74BF7096DE55,[樱树乡] 合作社 20,[樱树乡] 合作社 20,"[未知:2535439539737216], mengyaochenming, Nacho Cat China, Carmen789321","(3072,-64,1520)→(3183,320,1647)[主世界]"
A8DA6FEF146D,[卯月村供销合作社] Doctor的餐厅,"此领地属于 卯月村供销合作社 合作社的公有领地
Doctor的餐厅","ImaoyueI, MarIE7943, Mengyuan7544, kokorochan223, LingYingFox0, DoctorL06, Teaffee4438, Ocean12000, Big chicken8959, RiverLight38454, ZiMo0512, xize2333jun, AbsurdCase40986, xiakenana, Cattle99, Luoxiyilian2313, FangZhuBingMing, siri9V4458, Stone5koishi, LeaveSharkCat, palladio6674, GenunineColt568, JiuSi0414, DaNaiLong KING, Shiroha77, SteelBag8401029, mingzhouNB666, [未知:2535409442693219], ougenduqin, Exusiai5871, SolidComb522181, Stone9328, Carmen789321, TanMongR233","(3722,67,-634)→(3741,76,-618)[主世界]"
921180CA7DAF,烈焰人刷怪笼,,,"(654,59,222)→(655,60,224)[下界]"
DAEB2D907A8E,[星之猫猫商业圈] 合作社 东北农业基地,[星之猫猫商业圈] 合作社 东北农业基地,StarFaith2007,"(3004,83,-2073)→(3027,98,-2037)[主世界]"
3E04149F9C4E,幽幽子/阿求家的锚点,,,"(-915,66,418)→(-911,69,423)[主世界]"
9890C1D80DDB,末地,,htdl19083669,"(-2184,14,4057)→(-2182,15,4059)[主世界]"
98ABE2FD10FA,,,,"(86,-64,-109)→(117,320,-76)[主世界]"
5B0CA3019E3E,蜘蛛刷怪笼,,[未知:2535462613164805],"(2998,24,4890)→(2999,25,4891)[主世界]"
12EBD0233CC4,[MyGO!!!!!] 抽奖机,"此领地属于 MyGO!!!!! 合作社的公有领地
抽奖机",,"(-352,-64,1312)→(-305,320,1359)[主世界]"
1EDA25D6011E,小野冢町 一丁目 一番,,"Stone5koishi, DoctorL06, [未知:2535409442693219], AntimatterCorp, ImaoyueI, ShiftedChara449, dfgzaomiao, Qiyushishuji","(-3712,60,-1656)→(-3686,83,-1629)[主世界]"
1740FBC784F2,,,,"(2846,-64,4500)→(2902,320,4569)[主世界]"
0BAAEA8E591B,,,[未知:2535439758822880],"(5249,-47,-7343)→(5260,-35,-7330)[主世界]"
64DC09112ACB,,,,"(-2883,-64,1487)→(-2882,320,1501)[主世界]"
E1AAB12BA38A,建房和刷怪的好地方,,,"(1053,-64,1183)→(1065,320,1201)[主世界]"
ACCDC22CF9D8,村民交易,,,"(2128,-64,4576)→(2139,320,4591)[主世界]"
62FB591A414C,[玫瑰岛共和国] 合作社 南方的无名小岛-东北,[玫瑰岛共和国] 合作社 南方的无名小岛-东北,"SayojiKoishi, wtouou, TabooAttic15546, mih00him","(-207,-64,1564)→(-107,320,1664)[主世界]"
DE55FE75B035,,,,"(800,-64,4016)→(959,320,4175)[主世界]"
169510904665,古书馆路,,,"(-219,-64,247)→(-58,320,337)[主世界]"
453D8DF91945,,,"Nacho Cat China, [未知:2535409442693219]","(3869,-15,3013)→(3873,-10,3017)[主世界]"
66C1688BB11B,[永远亭] 合作社 临时基地,[永远亭] 合作社 临时基地,,"(4441,-64,4640)→(4449,320,4652)[主世界]"
E66652B8A120,[Ultroveritas中央委员会] 西行镇东部枢纽通道,"此领地属于 Ultroveritas中央委员会 合作社的公有领地
西行镇东部枢纽通道","Qiyushishuji, Heinrich4084, Syndikaze, TohoYouyouMu, ForeverZzz2408","(-496,53,77)→(-409,86,91)[主世界]"
56B7E06BF0B0,小野冢町 一丁目 三番,,"ImaoyueI, [未知:2535409442693219], Qiyushishuji, AntimatterCorp, TohoYouyouMu, CommetWind, ShiftedChara449, DoctorL06, Stone5koishi, Heinrich4084, dfgzaomiao","(-3711,63,-1670)→(-3702,74,-1657)[主世界]"
577248303F10,末地,,,"(65,57,-20)→(71,60,-14)[末地]"
5B5C00CAD246,温馨雪屋,,ImaoyueI,"(3721,-64,-700)→(3741,320,-679)[主世界]"
771A82BC235A,FUMOFUMO521的家,,,"(3008,77,-2113)→(3029,84,-2094)[主世界]"
b9991b66-c456-49a0-9041-d2ce2f88ac90,狐桑的小窝,,,"(3421,-64,2258)→(3434,320,2268)[主世界]"
A635F3E1A27B,yi,,,"(3657,50,3183)→(3679,60,3198)[主世界]"
A8064A2EBD4A,,,,"(-1224,63,4220)→(-1222,64,4221)[末地]"
50290D7206FC,[卯月村供销合作社] 蜘蛛刷怪笼,"此领地属于 卯月村供销合作社 合作社的公有领地
蜘蛛刷怪笼","ImaoyueI, MarIE7943, Mengyuan7544, kokorochan223, LingYingFox0, DoctorL06, Teaffee4438, Ocean12000, Big chicken8959, RiverLight38454, ZiMo0512, xize2333jun, AbsurdCase40986, xiakenana, Cattle99, Luoxiyilian2313, FangZhuBingMing, siri9V4458, Stone5koishi, LeaveSharkCat, palladio6674, GenunineColt568, JiuSi0414, DaNaiLong KING, Shiroha77, SteelBag8401029, mingzhouNB666, Exusiai5871, SolidComb522181, Stone9328, Carmen789321, TanMongR233","(-44,-4,174)→(-37,2,180)[主世界]"
FC2E7C5ED4B8,[卯月村供销合作社] 烈焰人,"此领地属于 卯月村供销合作社 合作社的公有领地
烈焰人","Luoxiyilian2313, DoctorL06, [未知:2535411716292234], ImaoyueI, MarIE7943, Mengyuan7544, kokorochan223, LingYingFox0, Teaffee4438, Ocean12000, Big chicken8959, RiverLight38454, ZiMo0512, xize2333jun, AbsurdCase40986, xiakenana, Cattle99, FangZhuBingMing, siri9V4458, Stone5koishi, LeaveSharkCat, palladio6674, GenunineColt568, JiuSi0414, DaNaiLong KING, Shiroha77, SteelBag8401029, mingzhouNB666, Exusiai5871, SolidComb522181, Stone9328, Carmen789321, TanMongR233","(-136,52,195)→(-130,57,201)[下界]"
A1CC0F6087E7,末地中转站04,,,"(26272,136,24116)→(26275,139,24122)[末地]"
75FDF1DFF0E1,西行州 东樱街道,,"dfgzaomiao, LacyBarley63167, ALEX57152, Heinrich4084, haaamburger1996, [未知:2535453287059857], ForeverZzz2408, HansarDeus, [未知:2535458075746856], Evan52661314, xiaoyuan129, GeeGBot, Liqiu36, RiverLight38454","(-442,64,28)→(-416,106,76)[主世界]"
56633567-884c-4f3b-b0b8-7e98ffab7041,[体育部] ZeroZone,"此领地属于 体育部 合作社的公有领地
ZeroZone",[未知:2535451244239520],"(3475,-64,2699)→(3502,320,2753)[主世界]"
386A390FDD6C,,,,"(3429,-64,2691)→(3429,320,2730)[主世界]"
52C262A3126E,,,[未知:2535409442693219],"(0,-64,4176)→(159,320,4335)[主世界]"
7F419FC13515,街道的钟塔,"此领地属于 便利屋68 合作社的公有领地
街道的钟塔",,"(3354,-64,2760)→(3373,320,2779)[主世界]"
64C95C118F97, 水晶,,,"(-8144,22,5653)→(-8143,25,5654)[主世界]"
6A559F4146A1,哆啦A梦,,,"(3492,-64,2691)→(3522,320,2693)[主世界]"
9B22F847FDF5,,,,"(640,-64,4336)→(799,320,4495)[主世界]"
7086054EB36C,防空塔,,,"(4143,64,-1055)→(4145,65,-1053)[主世界]"
81BD47FAF252,毒蜘蛛刷怪笼,,,"(2205,-64,-6911)→(2207,320,-6909)[主世界]"
E19818D8C54D,熔炉,,,"(2079,-64,4600)→(2094,320,4610)[主世界]"
05E835CCD4C0,家1,,,"(3630,-64,-3036)→(3677,320,-2989)[主世界]"
a0e3dd16-3449-48ee-bc09-7651060229b7,???,,,"(3577,-64,2759)→(3606,320,2777)[主世界]"
CC110DE17D93,,,,"(5839,82,-5635)→(5856,90,-5618)[主世界]"
5EEB41647109,[樱树乡] 合作社 6,[樱树乡] 合作社 6,"[未知:2535439539737216], mengyaochenming, Nacho Cat China, Carmen789321","(2928,-64,1824)→(3007,320,1871)[主世界]"
A239D72C3559,地狱,,,"(420,42,181)→(423,45,182)[下界]"
C767ED98E0D2,东樱村 秋山温泉度假会馆,[西行人民委员会] [西行人民委员会] [Ultroveritas中央委员会] 东樱村 南部,"Qiyushishuji, Heinrich4084, Syndikaze, TohoYouyouMu, ForeverZzz2408, LacyBarley63167, dfgzaomiao, HansarDeus, [未知:2535408954461570], ALEX57152, haaamburger1996, GeeGBot, DoctorL06, Liqiu36, ShiftedChara449, RiverLight38454","(-415,37,57)→(-268,140,76)[主世界]"
A4FB48BA1CAF,地狱交通,,htdl19083669,"(434,100,345)→(435,101,346)[下界]"
4CE4B02CC787,末地中转站02,,,"(13877,112,13632)→(13883,115,13639)[末地]"
7A446A9D294A,[樱树乡] 合作社 17,[樱树乡] 合作社 17,"[未知:2535439539737216], mengyaochenming, Nacho Cat China, Carmen789321","(3056,-64,1520)→(3071,320,1647)[主世界]"
35922C4A4F9F,幽守，空间小需改造,,,"(-5003,-50,5313)→(-4991,-38,5319)[主世界]"
64A7AF9769C0,,,,"(5430,40,-677)→(5432,41,-676)[下界]"
343FFA51E360,我要摆烂！,摆烂！！,[未知:2535460817074170],"(2212,-64,-13)→(2242,320,19)[主世界]"
9209B10A8134,僵尸刷怪笼,,,"(2226,-64,-6885)→(2228,320,-6883)[主世界]"
7bbd30df-c944-4af0-b49b-71cf53278201,厨房重地,,,"(-1284,66,-1920)→(-1278,70,-1913)[主世界]"
FFAA1497F549,岩浆湖,,,"(495,35,383)→(500,38,388)[下界]"
6F5072205053,[卯月村供销合作社] 沙漠,"此领地属于 卯月村供销合作社 合作社的公有领地
沙漠","MarIE7943, ZiMo0512, ImaoyueI, Mengyuan7544, kokorochan223, LingYingFox0, DoctorL06, Teaffee4438, Ocean12000, Big chicken8959, RiverLight38454, xize2333jun, AbsurdCase40986, xiakenana, Cattle99, Luoxiyilian2313, FangZhuBingMing, siri9V4458, Stone5koishi, LeaveSharkCat, palladio6674, GenunineColt568, JiuSi0414, DaNaiLong KING, Shiroha77, SteelBag8401029, mingzhouNB666, Exusiai5871, SolidComb522181, Stone9328, Carmen789321, TanMongR233","(183,66,-3240)→(184,67,-3239)[主世界]"
54D8F4F2CF7E,工地,,,"(1119,-64,-655)→(1153,320,-621)[主世界]"
F9D2B3318A86,蝾螈温泉东南区,,"RiverLight38454, AbruptFox116621, ImaoyueI, CommetWind","(3393,-64,1871)→(3576,320,2009)[主世界]"
90D5E6968742,,,,"(480,-64,3536)→(639,320,3695)[主世界]"
FDC3FE06BE9D,[小石社]僵尸~,"此领地属于 卯月村供销合作社 合作社的公有领地
","ImaoyueI, MarIE7943, Mengyuan7544, kokorochan223, LingYingFox0, DoctorL06, Teaffee4438, Ocean12000, Big chicken8959, RiverLight38454, ZiMo0512, xize2333jun, AbsurdCase40986, xiakenana, Cattle99, Luoxiyilian2313, FangZhuBingMing, siri9V4458, Stone5koishi, LeaveSharkCat, palladio6674, GenunineColt568, JiuSi0414, DaNaiLong KING, Shiroha77, SteelBag8401029, mingzhouNB666, Exusiai5871, SolidComb522181, Stone9328, Carmen789321, TanMongR233","(78,-21,9880)→(81,-19,9881)[主世界]"
CC7EC4EC53C6,,,,"(160,-64,3536)→(319,320,3695)[主世界]"
21E6FD73606B,[卯月村供销合作社] 试炼,"此领地属于 卯月村供销合作社 合作社的公有领地
试炼","LacyBarley63167, haaamburger1996, dfgzaomiao, Soviet Union614, GenunineColt568, Qiyushishuji, HuoHua7777, Nacho Cat China","(6311,-16,-5941)→(6318,-14,-5938)[主世界]"
89CB09FBB7DB,,,,"(2800,-10,1773)→(2812,-1,1786)[主世界]"
3B0691D13FE3,大型洞穴,,,"(5554,63,375)→(5558,64,379)[主世界]"
82C4B6211CE9,[MyGO!!!!!] 恶魂塔处死[主世界],"此领地属于 MyGO!!!!! 合作社的公有领地
恶魂塔处死[主世界]",,"(672,-64,4720)→(719,320,4767)[主世界]"
EE5BA70DEFEC,沙洲新区 KFC,[白玉楼协会] 合作社 沙洲新区 X轴方向 疯狂KFC！！！,"youyouzi115, Shiroha77, Carmen789321, NeiGuiYYDS, DoctorL06, PLR458, E761113, ShiftedChara449, TKxiao yi, Dissenotfind, qinfeng8523, Ocean12000","(2085,-64,561)→(2110,320,579)[主世界]"
568A2682023C,村民,,,"(2421,-64,1430)→(2428,320,1436)[主世界]"
96DB750F29F6,[便利屋68] 周年庆,[便利屋68] 周年庆,,"(1688,-64,5505)→(1694,320,5510)[主世界]"
0146B80DC686,末地传送门,,,"(-8178,-35,8009)→(-8174,-32,8017)[主世界]"
3E9412F41641,山洞,,,"(2637,-64,1439)→(2686,320,1508)[主世界]"
5422A0CAC998,,,,"(20,59,0)→(32,60,11)[末地]"
7FD7F81E40DF,菜地,,htdl19083669,"(1533,62,-1554)→(1535,63,-1552)[主世界]"
68EC70FFA046,蘑菇岛,,,"(-696,-64,22834)→(-606,320,22887)[主世界]"
23F06CA02001,雏菊山谷,,,"(1850,-64,4653)→(1908,320,4688)[主世界]"
6AFDC8DBBCDD,[樱树乡] 合作社 8,[樱树乡] 合作社 8,"[未知:2535439539737216], mengyaochenming, Nacho Cat China, Carmen789321","(3008,-64,1872)→(3055,320,1951)[主世界]"
B6103D315D8D,[玫瑰岛共和国] 合作社 南方的无名小岛-东南,[玫瑰岛共和国] 合作社 南方的无名小岛-东南,"SayojiKoishi, wtouou, TabooAttic15546, mih00him","(-206,-64,1665)→(-107,320,1720)[主世界]"
9E6C5051115A,,,,"(320,-64,3536)→(479,320,3695)[主世界]"
F6C0486CAC15,-[ Stone5koishi ]-,,RiverLight38454,"(4325,74,-904)→(4347,88,-880)[主世界]"
23E984294615,空岛（第4象限）,[待定] 空岛,"NeiGuiYYDS, ALEX57152, [未知:2535409442693219], Qiyushishuji, Kaname Rana1597","(1552,-64,2192)→(1699,320,2299)[主世界]"
C24FB0AE4CEC,你看你妈呢,,[未知:2535434949774046],"(2978,-64,2313)→(3054,320,2374)[主世界]"
2E9F53ABD79A,迷途竹林,,,"(2209,-64,4091)→(2337,320,4185)[主世界]"
d02f9ab7-a52b-47fd-b8b4-1b1ee0af8b43,[体育部] 居民区,"此领地属于 体育部 合作社的公有领地
居民区",AntimatterCorp,"(1224,-64,-1676)→(1358,320,-1480)[主世界]"
F90A98B1D86E,[便利屋68] [便利屋68] 合作社 当铺 主人：凯尔希,[便利屋68] [便利屋68] 合作社 当铺 主人：凯尔希,,"(3418,-64,2734)→(3432,320,2745)[主世界]"
B3B9370AA365,,,AntimatterCorp,"(1668,-64,3053)→(1694,320,3084)[主世界]"
F19C9509AFF2,西行州 民政治安总署,,"Syndikaze, HansarDeus, ShiftedChara449, LacyBarley63167, dfgzaomiao, Heinrich4084, ALEX57152, TohoYouyouMu","(-493,-64,-33)→(-465,320,40)[主世界]"
DF1DF0705BEC,陶瓦荒地,,,"(-549,-64,14312)→(-549,320,14315)[主世界]"
228976715EDB,,,,"(800,-64,4176)→(959,320,4335)[主世界]"
5D7DA2B891C7,[小石社]试炼6,"此领地属于 卯月村供销合作社 合作社的公有领地
","ImaoyueI, MarIE7943, Mengyuan7544, kokorochan223, LingYingFox0, DoctorL06, Teaffee4438, Ocean12000, Big chicken8959, RiverLight38454, ZiMo0512, xize2333jun, AbsurdCase40986, xiakenana, Cattle99, Luoxiyilian2313, FangZhuBingMing, siri9V4458, Stone5koishi, LeaveSharkCat, palladio6674, GenunineColt568, JiuSi0414, DaNaiLong KING, Shiroha77, SteelBag8401029, mingzhouNB666, Exusiai5871, SolidComb522181, Stone9328, Carmen789321, TanMongR233","(4663,-30,8363)→(4668,-25,8369)[主世界]"
7D6A9DE2A89D,[MyGO!!!!!] 64核心熔炉组/要塞传送门,"此领地属于 MyGO!!!!! 合作社的公有领地
64核心熔炉组/要塞传送门","ALEX57152, [未知:2535434758467532]","(-4176,-64,-5840)→(-3969,320,-5633)[主世界]"
78E4938F7160,,,,"(4196,-64,-7961)→(4203,320,-7947)[主世界]"
BE18ED9666D9,[卯月村供销合作社] 海晶灯,"此领地属于 卯月村供销合作社 合作社的公有领地
海晶灯","GenunineColt568, DoctorL06, Kaname Rana1597, MarIE7943, Soviet Union614, [未知:2535411716292234], Luoxiyilian2313, ImaoyueI, Mengyuan7544, kokorochan223, LingYingFox0, Teaffee4438, Ocean12000, Big chicken8959, RiverLight38454, ZiMo0512, xize2333jun, AbsurdCase40986, xiakenana, Cattle99, FangZhuBingMing, siri9V4458, Stone5koishi, LeaveSharkCat, palladio6674, JiuSi0414, DaNaiLong KING, Shiroha77, SteelBag8401029, mingzhouNB666, Exusiai5871, SolidComb522181, Carmen789321, Stone9328, TanMongR233","(450,137,836)→(469,156,855)[主世界]"
FE8F1CA8938C,Area-CN-20-α,,"Kaname Rana1597, [未知:2535436219159371], ImaoyueI, Qiyushishuji, GenunineColt568, DoctorL06, Stone5koishi, CommetWind, MarIE7943, AntimatterCorp, RiverLight38454, Carmen789321, StarFaith2007, [未知:2535409442693219]","(10423,-64,2020)→(10448,320,2060)[主世界]"
4C81D4A44DC4,[卯月村供销合作社] 刷怪塔,"此领地属于 卯月村供销合作社 合作社的公有领地
刷怪塔","ImaoyueI, MarIE7943, Mengyuan7544, kokorochan223, LingYingFox0, DoctorL06, Teaffee4438, Ocean12000, Big chicken8959, RiverLight38454, ZiMo0512, xize2333jun, AbsurdCase40986, xiakenana, Cattle99, Luoxiyilian2313, FangZhuBingMing, siri9V4458, Stone5koishi, LeaveSharkCat, palladio6674, GenunineColt568, JiuSi0414, DaNaiLong KING, Shiroha77, SteelBag8401029, mingzhouNB666, Exusiai5871, SolidComb522181, Stone9328, Carmen789321, TanMongR233","(-4267,172,-4991)→(-4265,174,-4989)[主世界]"
935A4CAFAFA1,菜鸟之家,玩得开心！,,"(1128,-64,712)→(1182,320,772)[主世界]"
F1180F8C99A4,,,,"(320,-64,4016)→(479,320,4175)[主世界]"
C8FC7949C2FF,岩浆湖,,[未知:2535462613164805],"(2833,-53,5204)→(2834,-52,5205)[主世界]"
47096929EDE0,[湖南农业合作社] 合作社 内鬼16,[湖南农业合作社] 合作社 内鬼16,"[未知:2535471736122836], Qiyushishuji","(-70,-64,-54)→(29,320,130)[主世界]"
D26A0F45DBCB,新璃岛 南部,"此领地属于 Ultroveritas中央委员会 合作社的公有领地
新岛边疆区","LacyBarley63167, haaamburger1996, Heinrich4084, GeeGBot, TohoYouyouMu, dfgzaomiao, Liqiu36, ShiftedChara449, RiverLight38454, [未知:2535458075746856], Evan52661314, xiaoyuan129, HuoHua7777","(32,-64,2196)→(237,320,2315)[主世界]"
48CF8E1A86E9,新家,,,"(3910,57,1573)→(3958,68,1613)[主世界]"
517F5E12B13C,,,,"(209,77,4506)→(216,85,4510)[主世界]"
E80D762D7A3B,[卯月村供销合作社] 雪原聚集地,"此领地属于 卯月村供销合作社 合作社的公有领地
雪原聚集地","[未知:2535416288627745], [未知:2535439758822880], ougenduqin, liziziya, Teaffee4438, ImaoyueI, MarIE7943, Mengyuan7544, kokorochan223, LingYingFox0, DoctorL06, Ocean12000, coke6263, Big chicken8959, xize2333jun, RiverLight38454, ZiMo0512, xiakenana, Cattle99, AbsurdCase40986, [未知:2535464158898895], AntimatterCorp, [未知:2535464926219413], [未知:2535459118154654], Luoxiyilian2313, FangZhuBingMing, siri9V4458, Stone5koishi, LeaveSharkCat, palladio6674, GenunineColt568, JiuSi0414, [未知:2535459963466718], DaNaiLong KING, Shiroha77, SteelBag8401029, mingzhouNB666, Exusiai5871, SolidComb522181, Stone9328, Carmen789321, TanMongR233","(3668,67,-666)→(3697,90,-638)[主世界]"
299E82218804,[卯月村供销合作社] 卯月村驻西行镇领事馆,"此领地属于 卯月村供销合作社 合作社的公有领地
卯月村驻西行镇领事馆","ougenduqin, Qiyushishuji, MarIE7943, ZiMo0512, DoctorL06, ImaoyueI, Mengyuan7544, kokorochan223, LingYingFox0, Teaffee4438, Ocean12000, Big chicken8959, RiverLight38454, xize2333jun, AbsurdCase40986, xiakenana, Cattle99, Luoxiyilian2313, FangZhuBingMing, siri9V4458, Stone5koishi, LeaveSharkCat, palladio6674, GenunineColt568, JiuSi0414, DaNaiLong KING, Shiroha77, SteelBag8401029, mingzhouNB666, Exusiai5871, SolidComb522181, Stone9328, Carmen789321, TanMongR233","(-633,50,80)→(-596,90,119)[主世界]"
3E4804BF010F,[体育部] 城墙,[体育部] 合作社 城墙,,"(3284,-64,707)→(3292,320,713)[主世界]"
22935B306169,,,AbruptFox116621,"(-8274,0,-3987)→(-8261,256,-3974)[末地]"
BC45EBA62487,自动农场,,,"(3052,-64,1233)→(3068,320,1269)[主世界]"
717F0DD694CE,,,,"(2761,63,-2517)→(2762,64,-2516)[主世界]"
016417B6BA17,刷怪笼俩个,,,"(2,-64,-2189)→(16,320,-2176)[主世界]"
97DDE0144F58,末地传送门,,[未知:2535460817074170],"(-8168,-35,8025)→(-8167,-33,8027)[主世界]"
14B3AC2E40AA,[卯月村供销合作社] 方碑,"此领地属于 卯月村供销合作社 合作社的公有领地
方碑","DoctorL06, RiverLight38454, [未知:2535409442693219], MarIE7943, Soviet Union614, Kaname Rana1597, ALEX57152, AntimatterCorp, AbruptFox116621, Carmen789321","(3616,70,-595)→(3674,160,-483)[主世界]"
B26EA0A1B791,,,,"(528,39,221)→(530,40,225)[下界]"
CFFE41007F94,崭新古城,99新远古城市,,"(4716,-37,2863)→(4717,-36,2864)[主世界]"
D88C4DC5A43F,群玉阁建造计划,,,"(3651,-64,2372)→(3775,320,2503)[主世界]"
9B3D22C34C12,,,,"(-3039,61,3705)→(-2961,64,3808)[主世界]"
72A1F5BBE083,黑森林,,,"(-3442,-64,5121)→(-3440,320,5122)[主世界]"
6320FECF57E4,圣神之石~,,,"(4328,80,-945)→(4344,88,-931)[主世界]"
ED01B2D95051,十三万,,[未知:2535421731172696],"(3708,-64,2742)→(3772,320,2822)[主世界]"
A9E2B378A85E,,,,"(1249,-64,-667)→(1280,320,-638)[主世界]"
CDEF57E9D198,蝾螈温泉东北区,,"RiverLight38454, AbruptFox116621, ImaoyueI, CommetWind","(3424,-64,1807)→(3576,320,1870)[主世界]"
6E23BF684094,[樱树乡] 合作社 21,[樱树乡] 合作社 21,"[未知:2535439539737216], mengyaochenming, Nacho Cat China, Carmen789321","(3056,-64,1472)→(3183,320,1519)[主世界]"
0C73E199C917,蝾螈温泉,,,"(3364,90,2012)→(3366,91,2014)[主世界]"
3BAC476A0F42,,,"[未知:2535431027684720], [未知:2535467352923272]","(4383,62,3091)→(4397,86,3104)[主世界]"
5955ABC2168D,樱花咖啡馆工作人员区域,欢迎访客，你想吃点什么,ImaoyueI,"(3606,74,-644)→(3612,80,-639)[主世界]"
319F0F289098,机器人的手办屋,,"Soviet Union614, ImaoyueI, HuoHua7777, Qiyushishuji, [未知:2535411716292234], haaamburger1996","(2250,90,4451)→(2307,120,4515)[主世界]"
82D40F0E63C9,Carmen的生活仓库,你好,,"(3703,-64,-631)→(3719,320,-612)[主世界]"
035ECFE77BCF,,,AbruptFox116621,"(-15568,-64,10542)→(-15566,320,10544)[主世界]"
4700FF9A5CCC,龙尾肆,,[未知:2535444899866544],"(3557,63,2786)→(3572,69,2795)[主世界]"
C6E557825BF7,[萌新集团] 普普通通的道路,"此领地属于 萌新集团 合作社的公有领地
普普通通的道路",,"(-217,62,58)→(-213,64,100)[主世界]"
8477f3aa-3d1c-4163-8184-d654eaa68e6e,starry Dream161,,,"(2747,65,2019)→(2757,75,2052)[主世界]"
F23C8CAF3DB3,平岛,,,"(1123,-64,917)→(1134,320,925)[主世界]"
DE0F2CFCFD88,高级领地,,,"(3767,60,1471)→(3799,69,1510)[主世界]"
68F0D7D01A58,试练之地,,,"(-2398,-64,23488)→(-2398,320,23491)[主世界]"
CB092BDF7FCE,生物入侵帐篷,,,"(-2806,71,-2999)→(-2798,76,-2986)[主世界]"
33F2140B6F6A,[樱树乡] 合作社 18,[樱树乡] 合作社 18,"[未知:2535439539737216], mengyaochenming, Nacho Cat China, Carmen789321","(2928,-64,1472)→(3055,320,1519)[主世界]"
C28332973467,,,,"(160,-64,3856)→(319,320,4015)[主世界]"
1201E7CAF19E,陶瓦山,,htdl19083669,"(4075,146,-7642)→(4078,147,-7639)[主世界]"
696EC938D512,沙漠,,,"(81656,64,-51844)→(81659,65,-51843)[主世界]"
EC1A12E5CA0A,,,,"(2019,60,4336)→(2045,80,4361)[主世界]"
C0C26A46245E,luomaa小岛哒,,,"(40,62,-342)→(80,64,-306)[主世界]"
BBB26444EC19,传送门,,,"(-2177,-64,4057)→(-2176,320,4058)[主世界]"
FD4C07896271,小白刷怪笼,,"[未知:2535441748868659], [未知:2535471736122836], [未知:2535444899866544], [未知:2535409442693219]","(2457,-64,1295)→(2468,320,1309)[主世界]"
371D3EABB7A6,矿山,,,"(-386,63,2274)→(-383,66,2279)[主世界]"
74FAC787A2CE,魔法使异次元折跃门,这个门可以把你送到名为“终末地”的异世界,,"(13727,25,1168)→(13735,30,1177)[主世界]"
0A9CB79DD05E,玛莉的四合院,已竣工，欢迎入住,"ImaoyueI, ZiMo0512, Mengyuan7544, LingYingFox0, DoctorL06","(3623,-64,-721)→(3659,320,-676)[主世界]"
96D834EA7C45,doctor前住宅,,,"(784,63,5757)→(792,71,5765)[主世界]"
34E51D97AEB7,Site-CN-06 Area-8,,Soviet Union614,"(3088,-64,-272)→(3247,320,-113)[主世界]"
d7153889-e316-4d52-8af1-13d62c2d7d7c,西瓜的大屋,,,"(2413,-64,-476)→(2499,320,-388)[主世界]"
266840327524,空岛（第2象限）,,"[未知:2535409442693219], Kaname Rana1597","(1552,-64,2300)→(1699,320,2392)[主世界]"
E97BC4BCB0FC,探索点,探索,[未知:2535462613164805],"(3025,18,5186)→(3026,19,5187)[主世界]"
40851E85AD82,幽守,,,"(-5028,-40,5168)→(-5023,-26,5178)[主世界]"
C6CF0952177B,空岛（第2象限x-1）,,,"(1450,-64,2300)→(1551,320,2392)[主世界]"
FC833901B461,鲨凋场,,,"(9381,55,8103)→(9394,65,8111)[末地]"
87c9be8f-4f8d-448c-be7d-1d909236a909,test,,,"(41,76,105)→(53,82,120)[主世界]"
01D87A09085C,雨林陶瓦山交界处,,,"(3960,94,-8519)→(3962,97,-8517)[主世界]"
52FD3D25A2FE,ALEX-Hai Jing Bao,,[未知:2535409442693219],"(3476,-64,2806)→(3508,320,2838)[主世界]"
C22A2770C4B9,紫水晶,,,"(4554,-37,1107)→(4563,-36,1112)[主世界]"
F8AB79F3143A,小石社,"此领地属于 卯月村供销合作社 合作社的公有领地
小石社~","ImaoyueI, MarIE7943, Mengyuan7544, kokorochan223, LingYingFox0, DoctorL06, Teaffee4438, Ocean12000, Big chicken8959, RiverLight38454, ZiMo0512, xize2333jun, AbsurdCase40986, xiakenana, Cattle99, Luoxiyilian2313, FangZhuBingMing, siri9V4458, Stone5koishi, LeaveSharkCat, palladio6674, GenunineColt568, JiuSi0414, DaNaiLong KING, Shiroha77, SteelBag8401029, mingzhouNB666, SolidComb522181, Exusiai5871, [未知:2535434211057244], dfgzaomiao, TohoYouyouMu, Stone9328, Carmen789321, TanMongR233","(4253,69,-909)→(4311,91,-871)[主世界]"
3C7B3F1AD0AD,马库拉格,,"[未知:2535439758822880], ImaoyueI, dfgzaomiao","(-3318,62,-2320)→(-3225,72,-2260)[主世界]"
DFD774B4CF65,[樱树乡] 合作社 16,[樱树乡] 合作社 16,"[未知:2535439539737216], mengyaochenming, Nacho Cat China, Carmen789321","(3072,-64,1648)→(3183,320,1759)[主世界]"
F2173226A87A,末地传送门,,,"(-2191,-64,4062)→(-2189,320,4066)[主世界]"
7360004C5E1C,宅邸,,,"(513,65,6687)→(514,69,6692)[主世界]"
619C545E3F7D,神社,,,"(1699,-64,4531)→(1782,320,4594)[主世界]"
E0430128053E,蘑菇2,,"[未知:2535466864247618], NeiGuiYYDS","(2352,-64,2581)→(2510,320,2678)[主世界]"
BF995AEF8610,,,,"(2994,-64,4552)→(3035,320,4599)[主世界]"
d3480ee7-4e51-4982-bd28-5e71edf398d2,superGrave,,[未知:2535414174440636],"(3487,66,2193)→(3503,78,2218)[主世界]"
F2D2695F9FFE,村庄,,,"(7309,-64,8244)→(7311,320,8245)[主世界]"
3C2B4F4DE158,Site-CN-06 Area-3,,Soviet Union614,"(3408,-64,-112)→(3567,320,47)[主世界]"
74E87EBE6F68,Site-CN-06 Area-1,,Soviet Union614,"(3408,-64,-432)→(3567,320,-273)[主世界]"
0A94E64995E0,卯月村雪山别墅,[卯月村供销合作社] [卯月村供销合作社] 合作社 [卯月酱的特色小店] 合作社 雪山别墅,"[未知:2535411716292234], DoctorL06, [未知:2535458170834580], Shiroha77, ZiMo0512, ShiftedChara449, ougenduqin, Ocean12000, [未知:2535464158898895], Nacho Cat China, abgewlms, MarIE7943, mengyaochenming, youyouzi115, [未知:2535414821585066], [未知:2535410135358551], [未知:2535453930836575], AntimatterCorp, Mengyuan7544, ImaoyueI, LingYingFox0, kokorochan223, [未知:2535436944539373], Teaffee4438, Big chicken8959, RiverLight38454, xize2333jun, AbsurdCase40986, xiakenana, Cattle99, [未知:2535464926219413], Soviet Union614, haaamburger1996, [未知:2535468539085416], Luoxiyilian2313, [未知:2535446540359854], Kaname Rana1597, FangZhuBingMing, siri9V4458, Stone5koishi, LeaveSharkCat, palladio6674, GenunineColt568, JiuSi0414, DaNaiLong KING, [未知:2535409442693219], SteelBag8401029, mingzhouNB666, Exusiai5871, SolidComb522181, Stone9328, Carmen789321, TanMongR233","(3746,66,-689)→(3786,139,-626)[主世界]"
3F2E9A4213D6,竞技场,,"TohoYouyouMu, GenunineColt568, [未知:2535452029266512], MarIE7943, RiverLight38454, Kaname Rana1597, [未知:2535411716292234], CommetWind","(3613,292,-667)→(3668,309,-634)[主世界]"
DD1A8010D18A,,,,"(800,-64,3696)→(959,320,3855)[主世界]"
ABC3D960F82A,露天矿坑,,,"(2682,-64,-2174)→(2699,320,-2157)[主世界]"
E75DDC26AEDC,西行镇——西行商城,"此领地属于 Ultroveritas中央委员会 合作社的公有领地
西行镇——西行商城","Syndikaze, HansarDeus, Qiyushishuji, TohoYouyouMu, Heinrich4084, DoctorL06, ImaoyueI, ForeverZzz2408, XmNyanCat, LacyBarley63167, dfgzaomiao, [未知:2535408954461570], ALEX57152, GeeGBot, RiverLight38454","(-592,59,74)→(-553,120,121)[主世界]"
580ADE034D8B,,,,"(3441,-64,2141)→(3465,320,2150)[主世界]"
654511AC1685,[白玉楼协会] 合作社 小吃店,[白玉楼协会] 合作社 小吃店,"youyouzi115, Shiroha77, Carmen789321, NeiGuiYYDS, DoctorL06, PLR458, E761113, ShiftedChara449, TKxiao yi, Dissenotfind, qinfeng8523, Ocean12000","(-485,-64,128)→(-411,320,172)[主世界]"
C7B443CDB66C,对不起...,,,"(3805,-1,-660)→(3807,3,-657)[主世界]"
3E7AD911D50A,[樱树乡] bing2,"此领地属于 樱树乡 合作社的公有领地
bing2","Nacho Cat China, Carmen789321","(3893,-64,380)→(3976,320,515)[主世界]"
331C57BF614B,破屋子,,ZiMo0512,"(1865,66,4739)→(1893,67,4770)[主世界]"
D50705B6D5F9,空中花园,,,"(1801,-64,4419)→(1817,320,4443)[主世界]"
1AF1037030F3,指挥塔 塔顶,,,"(4143,103,-723)→(4221,126,-680)[主世界]"
916959D04B00,[樱树乡] 合作社 19,[樱树乡] 合作社 19,"Nacho Cat China, Carmen789321","(3056,-64,1970)→(3125,320,2031)[主世界]"
5057CC0A1810,家,,[未知:2535467352923272],"(3963,69,2932)→(3969,73,2938)[主世界]"
DB04980CDB52,六本木,,"ALEX57152, TohoYouyouMu, [未知:2535425414206322], [未知:2535436219159371], ZiMo0512, CommetWind, Soviet Union614, MarIE7943, Carmen789321, RiverLight38454, Kaname Rana1597, ImaoyueI, StarFaith2007, DoctorL06, Shiroha77, Nacho Cat China, Stone5koishi, AbruptFox116621, AntimatterCorp","(3584,52,-602)→(3605,99,-572)[主世界]"
65E9B26BBF37,,,,"(4693,-29,9312)→(4708,-23,9321)[主世界]"
93F448CFA6AB,出生点,,[未知:2535462613164805],"(2911,69,3694)→(2912,70,3695)[主世界]"
4F7FC6F58E47,[111111] 钓鱼机器,[111111] 钓鱼机器,,"(3297,-64,-626)→(3303,320,-616)[主世界]"
5765A24BEA3C,刷,,,"(4364,18,1200)→(4399,23,1215)[主世界]"
BDE8862B1B0E,,,,"(640,-64,4176)→(799,320,4335)[主世界]"
BB360987AA40,[白玉楼协会] 合作社 信未花神教吧,"此领地属于 白玉楼协会 合作社的公有领地
信未花神教吧","youyouzi115, NeiGuiYYDS, DoctorL06, PLR458, E761113, ShiftedChara449, TKxiao yi, Dissenotfind, qinfeng8523, Ocean12000, Shiroha77","(-138,87,-53)→(-128,92,-49)[主世界]"
D458CCDDE54E,火,,,"(-5039,73,9286)→(-5036,75,9290)[下界]"
E4C357B81935,[山卡拉之地] [山卡拉之地] 未命名之域,[山卡拉之地] [山卡拉之地] 未命名之域,,"(2740,-64,-692)→(2876,320,-509)[主世界]"
A50EA405C014,未知,,,"(-401,66,6051)→(-388,70,6060)[主世界]"
04AA2A2CAE05,,,,"(3855,-26,3589)→(3857,-25,3591)[主世界]"
F146B5DC04B9,§p凋灵玫瑰农场,"此领地属于 盖玛特里亚 合作社的公有领地
凋灵玫瑰农场",,"(-5184,-64,272)→(-5153,320,303)[主世界]"
5faeb571-c31a-4e91-b9f1-e5f7cba33190,,,[未知:2535406100891013],"(3655,62,2592)→(3693,83,2647)[主世界]"
6E80DE3FAD62,,,HuoHua7777,"(3407,64,779)→(3453,65,826)[主世界]"
17145F4B24AA,湖景小二楼,,,"(3377,-64,2769)→(3388,320,2781)[主世界]"
121C0998B811,小凡是,,,"(806,60,10)→(822,67,26)[主世界]"
BFB730EFF5F4,西行州外交商务中心,"此领地属于 Ultroveritas中央委员会 合作社的公有领地
","Heinrich4084, RiverLight38454","(-698,62,74)→(-637,129,121)[主世界]"
98DBDB6AB0FA,西行人民委员会驻地,[西行人民委员会] [西行人民委员会] [西行人民委员会] 西行人民委员会 中央驻地,"Qiyushishuji, Heinrich4084, Syndikaze, TohoYouyouMu, ForeverZzz2408, HansarDeus, dfgzaomiao, [未知:2535408954461570], ALEX57152, LacyBarley63167, haaamburger1996, MarIE7943, [未知:2535458075746856], GeeGBot, Evan52661314, ShiftedChara449, RiverLight38454","(-344,-64,-8)→(-262,320,54)[主世界]"
216693c2-1438-4fcd-9773-f0c5c480270b,[体育部] 港口城仓库,"此领地属于 体育部 合作社的公有领地
港口城仓库","[未知:2535463843362597], AntimatterCorp, [未知:2535451244239520], [未知:2535416578459598], [未知:2535466864247618]","(1554,-64,-1502)→(1582,320,-1405)[主世界]"
A7A475AA7B8C,A Home,,,"(3196,79,2624)→(3210,89,2638)[主世界]"
E6AFB4DD1896,西行镇东部联防岗,"此领地属于 Ultroveritas中央委员会 合作社的公有领地
西行镇东部联防岗","LacyBarley63167, [未知:2535411716292234], Qiyushishuji, Heinrich4084, Syndikaze, TohoYouyouMu, ForeverZzz2408, dfgzaomiao, ALEX57152","(-497,59,93)→(-476,81,104)[主世界]"
AD8FE4AA5BE2,苍白,,,"(8553,133,-7643)→(8559,136,-7636)[主世界]"
1979F33E9DD3,先遣基地,,[未知:2535438676731242],"(4674,-64,2017)→(4802,320,2215)[主世界]"
37A205F84728,[付礼皓社] 小石头的家 ,"此领地属于 付礼皓社 合作社的公有领地
小石头的家 ",,"(3986,63,-848)→(3988,64,-847)[主世界]"
F5629CCAD8B0,[樱树乡] bing3,"此领地属于 樱树乡 合作社的公有领地
bing3","Nacho Cat China, Carmen789321","(3977,-64,380)→(4058,320,515)[主世界]"
65341857C359,恶地,,,"(2769,68,-7457)→(2775,69,-7446)[主世界]"
DCCF220A7CE0,试炼,,,"(9077,-31,-4127)→(9078,-30,-4126)[主世界]"
9DD26D987826,樱花小屋,,,"(3658,64,-923)→(3703,76,-871)[主世界]"
AB517A0EB219,小f的领地,给小f,,"(2959,121,4958)→(2961,123,4960)[主世界]"
4566B349DB8E,玛莉的樱花小筑,,"[未知:2535411716292234], Qiyushishuji","(-372,109,16)→(-348,126,56)[主世界]"
5277A0A5FAED,[樱树乡] 冰3,"此领地属于 樱树乡 合作社的公有领地
冰3",,"(3763,-64,241)→(3815,320,379)[主世界]"
9769C8F5321D,凯尔希的养殖场,"此领地属于 便利屋68 合作社的公有领地
凯尔希的养殖场",,"(2115,65,4596)→(2126,68,4619)[主世界]"
B1736A7AC1D3,哈迪斯教堂,,,"(3222,-64,3061)→(3413,320,3156)[主世界]"
CCEA5C668A2A,二号末地城,,,"(1420,0,-1862)→(1422,256,-1860)[末地]"
F24EBCD1E607,新发地,,,"(-2821,71,-2987)→(-2817,73,-2982)[主世界]"
04D033CEA336,小野塚町 一丁目 二番,,RiverLight38454,"(-3711,-64,-1626)→(-3683,320,-1597)[主世界]"
9BB639A26FEF,[樱树乡] 合作社 10,[樱树乡] 合作社 10,"[未知:2535439539737216], mengyaochenming, Nacho Cat China, Carmen789321","(2880,-64,1760)→(2927,320,1823)[主世界]"
D9D6EC73B241,Site-CN-06 Area-2,,Soviet Union614,"(3408,-64,-272)→(3567,320,-113)[主世界]"
48D3B5DB80D4,凋零骷髅塔（未完成）,,,"(3493,0,3228)→(3610,128,3293)[下界]"
BA01713949CE,,,,"(-2746,72,-5703)→(-2742,75,-5701)[主世界]"
F235E6007A66,fivvvvvvvvve的火柴盒,,[未知:2535426356044655],"(3900,-64,2438)→(3943,320,2490)[主世界]"
59C821044572,Katyusha的小家家,,,"(3741,-64,2911)→(3754,320,2923)[主世界]"
562AC4E26182,,,,"(5037,-64,-7805)→(5054,320,-7792)[主世界]"
3E14EED5DA2F,,,,"(0,-64,4016)→(159,320,4175)[主世界]"
F87FDCBBD94B,古书馆前,,,"(-219,-64,338)→(-113,320,504)[主世界]"
7bcb9f59-dfb9-4416-b426-fd1a11276729,[体育部] 红魔馆,[体育部] 合作社 koumakan,,"(2088,-64,-628)→(2394,320,-383)[主世界]"
40EFEFA7BCA8,红石,,,"(1799,-64,5395)→(1863,320,5512)[主世界]"
B3DCA7AFAEC9,[SITE-■4[异世节点]] 刷沙机,[SITE-■4[异世节点]] 刷沙机,,"(5359,61,-748)→(5378,75,-731)[主世界]"
3171CC577071,烈焰棒,,,"(-1268,66,1570)→(-1263,70,1575)[下界]"
fc87a54a-2d65-4afc-8cd7-a419451dc22f,内鬼家,,[未知:2535471736122836],"(1586,-64,-1661)→(1639,320,-1574)[主世界]"
0B50570A4CE7,,,,"(2999,-64,-2464)→(3029,320,-2405)[主世界]"
EDFBC70F61E5,卯月村,,,"(3895,90,-414)→(3898,91,-411)[主世界]"
84063F1A8E5C,,,,"(-7501,58,2327)→(-7496,59,2330)[末地]"
CA65A0F63323,监狱,,,"(2144,89,1444)→(2150,93,1446)[主世界]"
68C963F1560B,,,,"(2166,-64,705)→(2172,320,713)[主世界]"
FF7B32628552,大东北,,"AntimatterCorp, Shiroha77","(3050,67,-2158)→(3054,69,-2154)[主世界]"
6057CBCE2291,超大蘑菇岛,,,"(-1087,79,-600)→(-1084,80,-597)[主世界]"
68BAFB731050,餐厅,,,"(1492,-64,5379)→(1496,320,5383)[主世界]"
B9735EA7DE44,猪人塔,,ImaoyueI,"(-4448,62,-4912)→(-4433,234,-4881)[主世界]"
8DF641701688,[卯月村供销合作社] Doctor的田,"此领地属于 卯月村供销合作社 合作社的公有领地
Doctor的田","DoctorL06, ImaoyueI, MarIE7943, Mengyuan7544, kokorochan223, LingYingFox0, Teaffee4438, Ocean12000, Big chicken8959, RiverLight38454, ZiMo0512, xize2333jun, AbsurdCase40986, xiakenana, Cattle99, Luoxiyilian2313, FangZhuBingMing, siri9V4458, Stone5koishi, LeaveSharkCat, palladio6674, GenunineColt568, JiuSi0414, DaNaiLong KING, Shiroha77, SteelBag8401029, mingzhouNB666, Exusiai5871, SolidComb522181, Stone9328, Carmen789321, TanMongR233","(2157,63,758)→(2221,69,788)[主世界]"
F94D4D9736D8,琥珀的绝对领域?,,,"(11483,62,-6126)→(11521,63,-6045)[主世界]"
EBA8D8AAAB29,未命名,,,"(-22,15,-116)→(-20,17,-115)[下界]"
FE9A790DCB59,玛莉的山居,,"[未知:2535411716292234], ImaoyueI","(6494,-17,-5582)→(6513,-13,-5562)[主世界]"
7ACBF77155E2,[MyGO!!!!!] 凋零骷髅塔[地狱],"此领地属于 MyGO!!!!! 合作社的公有领地
凋零骷髅塔[地狱]","[未知:2535411716292234], Qiyushishuji, [未知:2535409442693219]","(7035,0,7482)→(7163,128,7605)[下界]"
BA108778A26E,[樱树乡] 合作社 30,[樱树乡] 合作社 30,"Nacho Cat China, Carmen789321","(2880,-64,1472)→(2927,320,1613)[主世界]"
864DA1C7B0E7,,,,"(3891,-64,3043)→(3897,320,3054)[主世界]"
D0834CED8BFB,,,"[未知:2535471736122836], [未知:2535444899866544]","(5211,25,2740)→(5222,41,2748)[主世界]"
65F42217C63E,,,,"(-266,63,157)→(-261,67,162)[主世界]"
AE157EBB4549,地狱,,,"(304,11,-323)→(304,15,-320)[下界]"
2186E7325A0A,村庄,,,"(108506,63,121609)→(108510,66,121613)[主世界]"
7712B13F1934,[MyGO!!!!!] 交易所[主世界],"此领地属于 MyGO!!!!! 合作社的公有领地
交易所[主世界]","[未知:2535409442693219], ImaoyueI, RiverLight38454, Nacho Cat China, DoctorL06, Kaname Rana1597","(3392,-64,5424)→(3503,320,5647)[主世界]"
02901600AFCE,[体育部] 旧资源出生点,"此领地属于 体育部 合作社的公有领地
旧资源出生点",,"(1202,-64,-728)→(1234,320,-698)[主世界]"
E55F261FB3C9,末地城,,,"(981,61,-1519)→(985,64,-1516)[末地]"
b08e4b1c-e7af-483e-8c63-87f7d87d0c21,[体育部] 博丽神社,"此领地属于 体育部 合作社的公有领地
博丽神社",,"(-1766,-64,-99)→(-1682,320,22)[主世界]"
3EAF7148E7A5,港口仓库,,,"(1252,62,414)→(1277,71,435)[主世界]"
FCA1E447053E,,,,"(800,-64,3856)→(959,320,4015)[主世界]"
8FCCF9F0C812,[樱树乡] 合作社 23,[樱树乡] 合作社 23,"Nacho Cat China, Carmen789321","(3056,-64,1840)→(3125,320,1869)[主世界]"
943D5641D0C4,蘑菇岛,,,"(-2819,62,-3651)→(-2752,78,-3571)[主世界]"
F2C56D6C031F,出山遂道,,,"(2792,-64,-508)→(2798,320,-442)[主世界]"
489B98272192,旧梦一场,,,"(1731,72,5641)→(1735,75,5645)[主世界]"
A76CA6F60A0A,[MyGO!!!!!] 恶魂塔生成架[地狱],"此领地属于 MyGO!!!!! 合作社的公有领地
恶魂塔生成架[地狱]",,"(0,0,528)→(143,128,687)[下界]"
A14EDEDF412A,baka家,,[未知:2535418318784690],"(3187,-64,-2552)→(3236,320,-2513)[主世界]"
27e966e5-f9b3-4781-9962-f23f0f11d2a5,呵呵,,,"(-1193,65,-1991)→(-1186,70,-1984)[主世界]"
CA426E876766,,,"[未知:2535427206900898], [未知:2535429241207712]","(-4822,-64,5027)→(-4783,320,5066)[主世界]"
721316ECE10E,空岛（第1象限）,,"[未知:2535409442693219], Kaname Rana1597","(1700,-64,2300)→(1860,320,2392)[主世界]"
A1D06D2554D4,,,[未知:2535465962194809],"(452,62,1589)→(490,93,1625)[主世界]"
2FBBDB554EC8,末地外围2700.13000,,,"(-2711,138,-13027)→(-2701,141,-13024)[末地]"
329D15432F8F,折越,,,"(1031,0,-751)→(1033,256,-749)[末地]"
A6E1B61FD018,Site-CN-06 Area-7,,Soviet Union614,"(3088,-64,-432)→(3247,320,-273)[主世界]"
EE81BCAE1A16,新发现的雪山古城,,,"(-5198,-35,4646)→(-5198,-28,4667)[主世界]"
5ED8629C4581,,,,"(0,-64,3536)→(159,320,3695)[主世界]"
98489906511F,村民交易所,[盖玛特里亚] 合作社 [盖玛特里亚] 合作社 [盖玛特里亚] 合作社 [盖玛特里亚] 合作社 交易所,,"(4304,-64,3328)→(4415,320,3535)[主世界]"
1EF980867370,大使馆后山,,,"(2855,-64,2228)→(2952,320,2322)[主世界]"
5C9AA128B35D,南蛮(?,,,"(2688,62,4621)→(2692,66,4623)[主世界]"
A594D5AA92FD,,,,"(-92,63,-317)→(-52,64,-305)[主世界]"
A584D54AC091,空岛（第4象限x-1）,,,"(1450,-64,2192)→(1551,320,2299)[主世界]"
A485A63BA8D7,古书馆,,,"(-112,-64,338)→(-11,320,466)[主世界]"
BCA878ED33A9,新璃岛 中部,,"TohoYouyouMu, GeeGBot, LacyBarley63167, dfgzaomiao, Heinrich4084, Liqiu36, ShiftedChara449, RiverLight38454, [未知:2535458075746856], xiaoyuan129, HansarDeus, Syndikaze, HuoHua7777","(-1,-64,2142)→(263,320,2195)[主世界]"
D05C4F9DB4A5,雪原假日酒店,$visitor 欢迎光临,"MarIE7943, ZiMo0512","(3800,-64,-834)→(3879,320,-784)[主世界]"
8D1FC99A56FD,远古城市,,htdl19083669,"(-7930,-14,-6855)→(-7927,-13,-6852)[主世界]"
91A793037307,西湖公社,"此领地属于 西行人民委员会 合作社的公有领地
西行镇——西湖公社","Heinrich4084, Kaname Rana1597, ForeverZzz2408, Syndikaze, Qiyushishuji, HansarDeus, TohoYouyouMu, XmNyanCat, [未知:2535444422073232], LacyBarley63167, [未知:2535408954461570], dfgzaomiao, ALEX57152, haaamburger1996, [未知:2535453287059857], [未知:2535458075746856], GeeGBot, Evan52661314, xiaoyuan129, Liqiu36, ShiftedChara449, LeiXiaoX","(-893,53,77)→(-707,110,171)[主世界]"
8AFA7AACF122,,,,"(4285,-64,-2839)→(4331,320,-2680)[主世界]"
E0A120971599,雾雨魔法店,,,"(3256,65,1292)→(3295,83,1324)[主世界]"
DDBF27182738,[卯月村供销合作社] 古城,"此领地属于 卯月村供销合作社 合作社的公有领地
古城","haaamburger1996, ougenduqin, GenunineColt568, LacyBarley63167, Qiyushishuji, MarIE7943, ImaoyueI, Mengyuan7544, kokorochan223, LingYingFox0, DoctorL06, Teaffee4438, Ocean12000, Big chicken8959, RiverLight38454, ZiMo0512, xize2333jun, AbsurdCase40986, xiakenana, Cattle99, Luoxiyilian2313, FangZhuBingMing, siri9V4458, Stone5koishi, LeaveSharkCat, palladio6674, JiuSi0414, DaNaiLong KING, Shiroha77, SteelBag8401029, mingzhouNB666, Exusiai5871, SolidComb522181, Stone9328, Carmen789321, TanMongR233","(7481,-27,-10999)→(7488,-25,-10994)[主世界]"
F29FB8A454C0,无缘冢,,"[未知:2535440090978169], [未知:2535452078957456], [未知:2535406955465240]","(3526,-64,2534)→(3581,320,2567)[主世界]"
EAE60D0FD501,菜鸟的另一片地,,,"(1131,-64,799)→(1151,320,819)[主世界]"
f283149e-a1fa-4d29-b1f7-823a37e48cde,[体育部] 村民交易所,[体育部] 合作社 村民交易所,"[未知:2535416578459598], [未知:2535471736122836], AntimatterCorp","(1586,-64,-1567)→(1700,320,-1481)[主世界]"
C43696D8CD40,村民交易所,,,"(160,-64,4176)→(319,320,4335)[主世界]"
5A8B4E53528E,壁垒,,htdl19083669,"(2515,64,-17)→(2516,65,-16)[主世界]"
9263F663B05A,[樱树乡] 合作社 11,[樱树乡] 合作社 11,"[未知:2535439539737216], mengyaochenming, Nacho Cat China, Carmen789321","(2928,-64,1760)→(3007,320,1823)[主世界]"
D274A232A170,,,,"(640,-64,3856)→(799,320,4015)[主世界]"
00CB4E7780D8,,,,"(3028,-64,4487)→(3047,320,4525)[主世界]"
ED7DB05E2A1B,玛莉的矿洞,,"[未知:2535411716292234], DoctorL06, dfgzaomiao, GenunineColt568","(7322,33,8190)→(7331,38,8210)[主世界]"
C6662182A115,劫掠塔,,,"(-4543,-64,1520)→(-4530,320,1536)[主世界]"
2C335F6E5C50,新璃岛 北部,,"TohoYouyouMu, GeeGBot, LacyBarley63167, dfgzaomiao, Liqiu36, ShiftedChara449, ALEX57152, RiverLight38454, [未知:2535458075746856], xiaoyuan129, GenunineColt568, Evan52661314, HansarDeus, Syndikaze, [未知:2535422890699342], HuoHua7777","(-27,-64,2054)→(261,320,2141)[主世界]"
7742234320D6,,,,"(1249,-64,-705)→(1276,320,-669)[主世界]"
DC885B371CD0,霜韵月白酒店,,"mingzhouNB666, [未知:2535435208060217], [未知:2535469693193762], Carmen789321, TanMongR233","(3865,66,-695)→(3912,105,-648)[主世界]"
82D468FF82D8,Urukagina_Base,,,"(3345,-64,2827)→(3413,320,2879)[主世界]"
0C87A49E652E,辰砂的安全屋,,[未知:2535458527442019],"(-3260,-64,-2696)→(-3247,320,-2682)[主世界]"
CDCFBBD4F196,要塞点？？,,[未知:2535462613164805],"(3080,-25,5155)→(3081,-24,5156)[主世界]"
3C5C909095AB,奶龙王的领地,,"ImaoyueI, [未知:2535451695382974], [未知:2535411716292234], DoctorL06","(3882,69,-569)→(3918,122,-538)[主世界]"
D30FAC975B30,你已来到“cc123456789bb”的领地,,,"(-314,73,327)→(-314,77,351)[主世界]"
DB74FFDFC88A,,,,"(2874,70,-2217)→(2876,71,-2215)[主世界]"
6FF4C5778D59,监守者,,ImaoyueI,"(-444,71,-8686)→(-430,74,-8670)[主世界]"
5ED8212F0A58,末地中转站01,,,"(9376,108,8127)→(9382,110,8134)[末地]"
B1C66AE7E544,,,,"(-425,69,519)→(-424,71,520)[主世界]"
863E5EB3BC7A,樱花树,,htdl19083669,"(4459,107,-660)→(4461,108,-658)[主世界]"
4F8BD07E6345,空岛交易所,,,"(1865,135,2219)→(1868,136,2222)[主世界]"
09B500B6FEC5,[樱树乡] 合作社 5,[樱树乡] 合作社 5,"[未知:2535439539737216], mengyaochenming, Nacho Cat China, Carmen789321","(2928,-64,1872)→(3007,320,1951)[主世界]"
0D7AB2A936CE,[樱树乡] 合作社 27,[樱树乡] 合作社 27,"Nacho Cat China, Carmen789321","(3184,-64,1550)→(3256,320,1639)[主世界]"
22C23E7586C6,,,,"(-5791,49,5875)→(-5790,50,5876)[主世界]"
9F2BC8ACDDF9,新闻编辑社,此地是新闻编辑社,[未知:2535433486361033],"(3008,-64,-2093)→(3029,320,-2078)[主世界]"
B4B13BEC35A3,一把懒骨头,,,"(3827,56,3556)→(3830,58,3560)[主世界]"
7C438FA2F4BB,闲人免进,,,"(753,-64,245)→(761,320,255)[主世界]"
AAD9C7A372E4,[樱树乡] 合作社 24,[樱树乡] 合作社 24,"Nacho Cat China, Carmen789321","(3126,-64,1840)→(3183,320,1869)[主世界]"
488D8F1C9E61,蓝凌的家,,,"(3870,30,-748)→(3898,95,-728)[主世界]"
2A941D2EE18D,黑魔女炼金小屋,生人勿近,,"(1622,68,5927)→(1644,81,5945)[主世界]"
AF00A4EA65DB,,,,"(-627,-64,-1083)→(-555,320,-955)[主世界]"
CD6BC91383F3,樱花庄园,,"DoctorL06, ImaoyueI","(3677,70,-603)→(3759,106,-480)[主世界]"
F3071C614088,[星之猫猫商业圈] 合作社 经验塔,[星之猫猫商业圈] 合作社 经验塔,,"(-8384,-64,-8464)→(-8337,320,-8417)[主世界]"
692561C28FE5,[卯月村供销合作社] 刷凋零处,"此领地属于 卯月村供销合作社 合作社的公有领地
刷凋零处","MarIE7943, ImaoyueI, Mengyuan7544, kokorochan223, LingYingFox0, DoctorL06, Teaffee4438, Ocean12000, Big chicken8959, RiverLight38454, ZiMo0512, xize2333jun, AbsurdCase40986, xiakenana, Cattle99, Luoxiyilian2313, FangZhuBingMing, siri9V4458, Stone5koishi, LeaveSharkCat, palladio6674, GenunineColt568, JiuSi0414, DaNaiLong KING, Shiroha77, SteelBag8401029, mingzhouNB666, Exusiai5871, SolidComb522181, [未知:2535409442693219], Stone9328, Carmen789321, TanMongR233","(3628,35,-657)→(3636,39,-649)[主世界]"
BB3BDFB1F5FC,深色橡树,,,"(844,71,2578)→(847,72,2582)[主世界]"
E93631A2D618,,,,"(3619,33,2805)→(3668,57,2836)[主世界]"
AF6C3E0A73E6,,,,"(480,-64,4016)→(639,320,4175)[主世界]"
4D921FA78D35,远古城（非飞行区）,,,"(-1095,-43,1658)→(-1091,-41,1659)[主世界]"
72FBA2BD872E,试炼三（完整的,,,"(65901,-64,61558)→(65907,320,61564)[主世界]"
FA2DB6F78CCC,临时の家,,,"(5221,81,3334)→(5231,90,3342)[主世界]"
D60D6304F005,悬崖,,,"(1686,-64,3095)→(1768,320,3143)[主世界]"
DE7FEE12982E,,,,"(646,60,341)→(656,71,351)[下界]"
8B0B0BB50648,藏宝库,,,"(3152,61,1925)→(3160,63,1926)[主世界]"
3DDBA9098EF4,仓库,,ImaoyueI,"(1940,-64,4431)→(1958,320,4450)[主世界]"
9060097e-5efa-4713-adf5-2d0132998c53,keng,,,"(4057,-64,3651)→(4061,320,3652)[主世界]"
3E9867854CD1,AMElia EMLiy造,AMElia EMLiy造,,"(3448,-64,2865)→(3495,320,2944)[主世界]"
26809461D61A,,,,"(-2096,-64,23530)→(-2090,320,23531)[主世界]"
de93990e-b0e4-4fbc-8e6d-e90f3fc11e39,[体育部] 劳动岛,"此领地属于 体育部 合作社的公有领地
劳动岛",AntimatterCorp,"(1384,-64,-1147)→(1641,320,-1014)[主世界]"
C6AE8F01C9F8,西部边疆区,"此领地属于 Ultroveritas中央委员会 合作社的公有领地
","ForeverZzz2408, Qiyushishuji, Heinrich4084, Syndikaze, TohoYouyouMu","(-1091,47,195)→(-960,121,316)[主世界]"
8D7C7C32F7A0,小豪宅,,htdl19083669,"(2882,61,3738)→(2935,123,3797)[主世界]"
74488E06A8B6,掠夺哨塔,,,"(7097,-64,750)→(7147,320,795)[主世界]"
0AEF4F1C3ADB,,,,"(320,-64,4336)→(479,320,4495)[主世界]"
B255A549E489,启点,,[未知:2535409442693219],"(0,-64,4336)→(159,320,4495)[主世界]"
8FE41945F739,末地,,,"(47,58,17)→(53,60,20)[末地]"
ef179ee7-8f87-436e-a101-f816f1186489,[体育部] 沙城,"此领地属于 体育部 合作社的公有领地
沙城",AntimatterCorp,"(-407,-64,-3075)→(-310,320,-2988)[主世界]"
6710DF4C56BE,[MyGO!!!!!] 凋零骷髅塔[主世界],"此领地属于 MyGO!!!!! 合作社的公有领地
凋零骷髅塔[主世界]","[未知:2535411716292234], Qiyushishuji, ImaoyueI, [未知:2535409442693219]","(56576,-64,60128)→(56687,320,60255)[主世界]"
7A5C312015F4,[Ultroveritas中央委员会] 东樱村 中部,"此领地属于 Ultroveritas中央委员会 合作社的公有领地
东樱村 中部","LacyBarley63167, Qiyushishuji, Heinrich4084, Syndikaze, TohoYouyouMu, ForeverZzz2408, RiverLight38454, ShiftedChara449","(-407,-64,28)→(-373,320,56)[主世界]"
469254082B37,,,,"(-7032,0,-714)→(-7023,128,-703)[下界]"
665C8799ED69,,,,"(2792,-64,4527)→(2842,320,4555)[主世界]"
F44B66F67517,,,,"(640,-64,4016)→(799,320,4175)[主世界]"
b2b44a98-11dd-48b6-b737-e5cff02e5991,,,,"(3442,83,2559)→(3477,125,2580)[主世界]"
0DD1CEF220B0,,,,"(3468,93,5146)→(3497,99,5156)[主世界]"
B38C443B7177,[樱树乡] 合作社 28,[樱树乡] 合作社 28,"Nacho Cat China, Carmen789321","(3184,-64,1472)→(3256,320,1549)[主世界]"
94C3F9A4F19A,难宝箱,寻宝－不破坏,,"(-163,50,-56)→(-119,76,-37)[主世界]"
AA1CE3454239,[小石社]试炼5,"此领地属于 卯月村供销合作社 合作社的公有领地
","ImaoyueI, MarIE7943, Mengyuan7544, kokorochan223, LingYingFox0, DoctorL06, Teaffee4438, Ocean12000, Big chicken8959, RiverLight38454, ZiMo0512, xize2333jun, AbsurdCase40986, xiakenana, Cattle99, Luoxiyilian2313, FangZhuBingMing, siri9V4458, Stone5koishi, LeaveSharkCat, palladio6674, GenunineColt568, JiuSi0414, DaNaiLong KING, Shiroha77, SteelBag8401029, mingzhouNB666, Exusiai5871, SolidComb522181, TohoYouyouMu, Stone9328, Carmen789321, TanMongR233","(-2760,-11,-7940)→(-2753,-8,-7929)[主世界]"
1BBB63FD88A7,==東方犬明湖==,这里是【常世】大厅~,Kelsey3410,"(1982,211,4497)→(2069,294,4602)[主世界]"
62D4E04E32F6,沙洲新区,,"StarFaith2007, Ocean12000, [未知:2535415360473421], Kaname Rana1597","(2111,63,639)→(2129,69,649)[主世界]"
94E852C8F115,,,,"(2903,8,9358)→(2906,10,9358)[主世界]"
83331144416A,公路下方,,[未知:2535463336292287],"(1189,52,211)→(1210,77,248)[主世界]"
9FDC20E685C3,空岛（第3象限y-1）,,,"(1700,-64,2085)→(1860,320,2191)[主世界]"
3C85AC632F3B,Maze,,,"(1769,62,5266)→(1824,108,5317)[主世界]"
1982C9FCD703,魔法使百花庭,你到这来做什么？$n$visitor禁止进入,,"(5863,119,-7876)→(5977,150,-7753)[主世界]"
CBF518B0D82D,西沙湾海滨会馆 【祁钰师公馆】,"此领地属于 Ultroveritas中央委员会 合作社的公有领地
西沙湾海滨会馆【祁钰师公馆】","Heinrich4084, ImaoyueI, ZiMo0512, RiverLight38454, TohoYouyouMu, ForeverZzz2408, HansarDeus, XmNyanCat, [未知:2535411716292234], [未知:2535444422073232], Kaname Rana1597, LacyBarley63167, DoctorL06, AntimatterCorp, Qiyushishuji, Syndikaze, MarIE7943, dfgzaomiao, [未知:2535461964949076], GenunineColt568, haaamburger1996, [未知:2535458075746856], GeeGBot, Evan52661314, xiaoyuan129, Liqiu36","(-877,58,-138)→(-776,113,-78)[主世界]"
2F039D62C62E,山林赋,,,"(3494,-64,2627)→(3510,320,2652)[主世界]"
EAD4A812140F,白玉楼食堂,"此领地属于 白玉楼协会 合作社的公有领地
幽幽子食堂","AntimatterCorp, youyouzi115, Shiroha77, NeiGuiYYDS, DoctorL06, PLR458, E761113, ShiftedChara449, TKxiao yi, Dissenotfind, qinfeng8523, Ocean12000","(3201,-64,-2085)→(3231,320,-2059)[主世界]"
1DB35DB9F5E0,城堡,你好，这里将来是城堡,,"(3035,-64,-2085)→(3085,320,-2020)[主世界]"
EB0B3A0D3534,,,,"(4535,80,4016)→(4537,85,4019)[主世界]"
BE3AC84B8A19,4生成点哨站（未改造）,,,"(4480,-64,-4800)→(4527,320,-4753)[主世界]"
EBCF3AE74F45,,,"ZiMo0512, RiverLight38454","(510,163,-1985)→(535,164,-1975)[主世界]"
7E43D29CF60E,旧主城,,,"(2073,-64,4470)→(2139,320,4546)[主世界]"
30DE3E2D02F3,莱伦尔岛,你好呀,"Carmen789321, [未知:2535458587191427], ZiMo0512, ImaoyueI, [未知:2535443305622838], Kaname Rana1597, [未知:2535464158898895], [未知:2535432240394504], [未知:2535417940510886], MarIE7943, ForeverZzz2408, [未知:2535409442693219], xiakenana, dfgzaomiao, Cattle99, haaamburger1996, Evan52661314, DoctorL06, GeeGBot, Stone5koishi, HuoHua7777, JiuSi0414, DaNaiLong KING, Qiyushishuji, Nacho Cat China","(-3588,60,-3017)→(-3507,80,-2953)[主世界]"
77B5B025CE82,地面传送点,,[未知:2535409442693219],"(160,-64,4336)→(319,320,4495)[主世界]"
DC3E43753F99,蘑菇岛2,,,"(-4352,-64,22928)→(-4240,320,23040)[主世界]"
ADC5C4ECDCE0,末地传送,,,"(2,54,-86)→(12,60,-77)[末地]"
DDE44506E811,木屋,,,"(2695,-64,1954)→(2740,320,2003)[主世界]"
8250D5ADA638,制图师,,"[未知:2535438411385450], coke6263","(66476,62,62237)→(66490,69,62245)[主世界]"
C782F25A0DEF,,,,"(800,-64,4336)→(959,320,4495)[主世界]"
9952D82B41D1,,,,"(480,-64,4176)→(639,320,4335)[主世界]"
14E3A9EBDB57,,,,"(1933,-64,1321)→(1946,320,1327)[主世界]"
880668B4995C,[MyGO!!!!!] 不详之瓶塔[主世界],"此领地属于 MyGO!!!!! 合作社的公有领地
不详之瓶塔[主世界]","[未知:2535434758467532], ImaoyueI, [未知:2535409442693219], RiverLight38454, Nacho Cat China, Kaname Rana1597","(3282,-64,5424)→(3391,320,5647)[主世界]"
CE4F5EE968F6,南部资源点,,,"(4181,-64,16569)→(4190,320,16575)[主世界]"
0a84a544-70bc-4783-9a6e-1202d526d891,H 一颗树苗,,,"(3583,-64,2717)→(3607,320,2735)[主世界]"
F356082E5B55,kq,,NeiGuiYYDS,"(3450,-64,2764)→(3493,320,2788)[主世界]"
fa1df87f-d7fe-4a04-9046-8836faded016,小工业区,,"[未知:2535408769246554], [未知:2535438676731242], [未知:2535467058413756]","(3859,-64,2216)→(3949,320,2324)[主世界]"
A54D4012007A,[樱树乡] 合作社 1,[樱树乡] 合作社 1,"[未知:2535453235347713], [未知:2535439539737216], mengyaochenming, Nacho Cat China, Carmen789321","(2832,-64,1952)→(2927,320,2031)[主世界]"
FAA99311D7FE,,,,"(1866,61,5288)→(1875,73,5303)[主世界]"
1BBA277ED119,[Ultroveritas中央委员会] 东樱村 北部,"此领地属于 Ultroveritas中央委员会 合作社的公有领地
东樱村 北部","Qiyushishuji, Heinrich4084, Syndikaze, TohoYouyouMu, ForeverZzz2408, LacyBarley63167","(-398,-64,-86)→(-262,320,-10)[主世界]"
26BC9AABE306,下界合金砧,,,"(3001,-64,-2403)→(3022,320,-2382)[主世界]"
CA83A2016D5D,,,,"(6745,-64,-4450)→(6746,320,-4418)[主世界]"
378938B297DB,试炼二（紫水晶洞,,,"(66612,-6,62893)→(66618,-4,62899)[主世界]"
B7938B2C8971,,,,"(3254,-64,-2221)→(3287,320,-2154)[主世界]"
A2BFC4DE9A34,东北 18 号,这里是东北 18 号，七罪的小 house 欢迎作客～,"Shiroha77, Dissenotfind","(3134,68,-2085)→(3181,82,-2062)[主世界]"
D5134101C400,[玫瑰岛共和国] 合作社 海上钻井平台,[玫瑰岛共和国] 合作社 海上钻井平台,"wtouou, Carmen789321, SayojiKoishi, TabooAttic15546, mih00him","(580,-64,-380)→(679,320,-281)[主世界]"
C09ECC44DD70,雪地新家,,,"(4616,96,3318)→(4621,102,3331)[主世界]"
08DA4F488AFB,1,,,"(3488,-64,2976)→(3519,320,3007)[主世界]"
AA1BA0BC76D4,[白玉楼协会] 合作社 晶塔,[白玉楼协会] 合作社 晶塔,"[未知:2535470609775135], youyouzi115, Shiroha77, Carmen789321, NeiGuiYYDS, DoctorL06, PLR458, E761113, ShiftedChara449, TKxiao yi, Dissenotfind, qinfeng8523, Ocean12000","(3086,-64,-2081)→(3115,320,-2052)[主世界]"
857A071E07B3,烈焰人,,,"(119,73,1778)→(127,79,1781)[下界]"
B2F73A99F907,末地,,,"(-22,59,15)→(-14,62,23)[末地]"
927EA1A30535,末地传送门,,,"(-2187,14,4073)→(-2184,15,4075)[主世界]"
49DF0CFE8AE6,卯月老家,,,"(3400,63,-1832)→(3429,76,-1808)[主世界]"
0926384A5576,田地,,,"(-65,74,559)→(-36,78,580)[主世界]"
3EF5092E1C91,西行镇东 旧厂职工公寓,,"dfgzaomiao, ALEX57152, haaamburger1996, GeeGBot, RiverLight38454, [未知:2535458075746856], xiaoyuan129, [未知:2535422890699342], Evan52661314, ShiftedChara449","(-470,64,51)→(-453,113,74)[主世界]"
34E3D3B99112,[樱树乡] 合作社 4,[樱树乡] 合作社 4,"[未知:2535439539737216], mengyaochenming, Nacho Cat China, Carmen789321","(2928,-64,1952)→(3007,320,2031)[主世界]"
86e9e95a-9350-4645-9403-094f60e720d6,空地,,[未知:2535409291459246],"(3529,-64,2574)→(3646,320,2701)[主世界]"
3E3F7D6BED7A,[樱树乡] bing1,"此领地属于 樱树乡 合作社的公有领地
bing1","Nacho Cat China, Carmen789321","(3730,-64,380)→(3892,320,515)[主世界]"
1C9B69AFAD20,,,,"(480,-64,3856)→(639,320,4015)[主世界]"
6F6DA5F16BB6,,,,"(640,-64,3696)→(799,320,3855)[主世界]"
5A837CE7FB49,[小石社]试炼1,"此领地属于 卯月村供销合作社 合作社的公有领地
[小石社]试炼密室~","ImaoyueI, MarIE7943, Mengyuan7544, kokorochan223, LingYingFox0, DoctorL06, Teaffee4438, Ocean12000, Big chicken8959, RiverLight38454, ZiMo0512, xize2333jun, AbsurdCase40986, xiakenana, Cattle99, Luoxiyilian2313, FangZhuBingMing, siri9V4458, Stone5koishi, LeaveSharkCat, palladio6674, GenunineColt568, JiuSi0414, DaNaiLong KING, Shiroha77, SteelBag8401029, mingzhouNB666, Exusiai5871, SolidComb522181, TohoYouyouMu, Stone9328, Carmen789321, TanMongR233","(11628,-29,104)→(11649,-27,117)[主世界]"
6F86F7AB14FC,,,,"(2380,-64,2446)→(2401,320,2458)[主世界]"
23B4B609D811,下界绿菌森林,,,"(579,78,155)→(588,80,164)[下界]"
2F82951196A7,[卯月村供销合作社] 末地,"此领地属于 卯月村供销合作社 合作社的公有领地
末地","ImaoyueI, MarIE7943, Mengyuan7544, kokorochan223, LingYingFox0, DoctorL06, Teaffee4438, Ocean12000, Big chicken8959, RiverLight38454, ZiMo0512, xize2333jun, AbsurdCase40986, xiakenana, Cattle99, Luoxiyilian2313, FangZhuBingMing, siri9V4458, Stone5koishi, LeaveSharkCat, palladio6674, GenunineColt568, JiuSi0414, DaNaiLong KING, Shiroha77, Soviet Union614, TohoYouyouMu, LacyBarley63167, HuoHua7777, Qiyushishuji, Nacho Cat China, SteelBag8401029, mingzhouNB666, Exusiai5871, SolidComb522181, Stone9328, Carmen789321, TanMongR233","(-2175,15,4066)→(-2171,18,4069)[主世界]"
73D1800530F0,主城,,,"(-149,-60,-131)→(-83,-39,-65)[主世界]"
881489EFE3D5,空岛（第4象限x-1 y-1）,,,"(1450,-64,2085)→(1551,320,2191)[主世界]"
CAEFDF20AC08,指挥塔,,,"(4150,63,-716)→(4214,102,-687)[主世界]"
0DFD47EB8067,西行州 交通枢纽总站,,"TohoYouyouMu, LacyBarley63167, dfgzaomiao, HansarDeus, ImaoyueI, GenunineColt568, Heinrich4084, AntimatterCorp, ShiftedChara449, RiverLight38454, DoctorL06, GeeGBot, coke6263, Shiroha77, [未知:2535464158898895], [未知:2535411716292234], MarIE7943, CommetWind, StarFaith2007, HuoHua7777, Nacho Cat China","(-408,-64,98)→(-270,320,252)[主世界]"
185c8a01-047f-4f05-b49e-16f61e8b706e,611,,,"(-1299,66,-1942)→(-1267,81,-1928)[主世界]"
F7320EF7FE41,,,,"(320,-64,3696)→(479,320,3855)[主世界]"
66A38942ED8B,小木屋,,,"(3600,-64,2556)→(3604,320,2560)[主世界]"
057B5CBB683A,海边小洋房,,,"(2658,-64,-394)→(2728,320,-349)[主世界]"
046F000382FC,村庄,,MarIE7943,"(4628,-64,-568)→(4659,320,-537)[主世界]"
84EAB432E52C,[樱树乡] 冰2,"此领地属于 樱树乡 合作社的公有领地
冰2","Nacho Cat China, Carmen789321","(3894,-64,241)→(4030,320,379)[主世界]"
E028CA6B4D9E,,,,"(-3930,0,-687)→(-3928,128,-680)[下界]"
C9CFD2F89A60,云杉屋,云杉小屋,htdl19083669,"(4378,87,349)→(4379,88,350)[主世界]"
45B94B349B27,tmkzs的坟墓,,,"(3449,60,2736)→(3456,69,2744)[主世界]"
1039FAA66E8F,冰,,,"(-936,-64,2953)→(-934,320,2957)[主世界]"
38E26A27F1DB,Liangxi Pobei的第一个小家,,"[未知:2535427206900898], [未知:2535429241207712]","(2636,-64,4837)→(2645,320,4846)[主世界]"
79FAB22112E7,[地灵殿] 合作社 [地灵殿] 合作社 [地灵殿] 合作社 太阳花田,太阳花田,,"(3188,-64,5527)→(3281,320,5619)[主世界]"
263CDEE58A47,地下那个,,,"(2908,12,4885)→(2909,13,4886)[主世界]"
21B902941B08,家,,[未知:2535441575356027],"(-65,63,559)→(-36,68,580)[主世界]"
53616AE6360F,[卯月村供销合作社] 燃料机,"此领地属于 卯月村供销合作社 合作社的公有领地
燃料机","ImaoyueI, DoctorL06, MarIE7943, Mengyuan7544, kokorochan223, LingYingFox0, Teaffee4438, Ocean12000, Big chicken8959, RiverLight38454, ZiMo0512, xize2333jun, AbsurdCase40986, xiakenana, Cattle99, Luoxiyilian2313, FangZhuBingMing, siri9V4458, Stone5koishi, LeaveSharkCat, palladio6674, GenunineColt568, JiuSi0414, DaNaiLong KING, Shiroha77, SteelBag8401029, mingzhouNB666, Exusiai5871, SolidComb522181, Stone9328, Carmen789321, TanMongR233","(3800,68,2009)→(3803,71,2009)[主世界]"
362DD62435C7,,,HuoHua7777,"(3207,62,2064)→(3260,70,2087)[主世界]"
71B2B060480B,雪地农田,"此领地属于 卯月村供销合作社 合作社的公有领地
雪地农田","Ocean12000, DoctorL06, [未知:2535464158898895], youyouzi115, ZiMo0512, [未知:2535411716292234], [未知:2535410135358551], [未知:2535453930836575], Mengyuan7544, MarIE7943, ImaoyueI, kokorochan223, [未知:2535436944539373], LingYingFox0, Teaffee4438, Big chicken8959, RiverLight38454, xize2333jun, AbsurdCase40986, xiakenana, Cattle99, Qiyushishuji, [未知:2535464926219413], haaamburger1996, [未知:2535468539085416], Luoxiyilian2313, FangZhuBingMing, siri9V4458, Stone5koishi, LeaveSharkCat, palladio6674, GeeGBot, GenunineColt568, JiuSi0414, DaNaiLong KING, Shiroha77, SteelBag8401029, Soviet Union614, mingzhouNB666, Exusiai5871, SolidComb522181, Carmen789321, Stone9328, TanMongR233","(3765,-64,-753)→(3810,320,-703)[主世界]"
E56D90F5051C,是路过的爱丽丝~,,,"(4103,65,-1823)→(4114,68,-1817)[主世界]"
FC198500D606,地灵殿,（地灵殿）$n恋恋的家,,"(3514,-64,2694)→(3527,320,2708)[主世界]"
FA19D5463AF9,,,,"(160,-64,4016)→(319,320,4175)[主世界]"
9B5EEA4D2253,[樱树乡] bing6,"此领地属于 樱树乡 合作社的公有领地
bing6","Nacho Cat China, Carmen789321","(3976,-64,516)→(4057,320,650)[主世界]"
9C290A2F8E6C,[付礼皓社] 乐魂专属区,[付礼皓社] 乐魂专属区,,"(7283,96,-8863)→(7293,106,-8855)[主世界]"
002C7CA723F6, 陆珊瑚,"此领地属于 卯月村供销合作社 合作社的公有领地
卯月村仓库","[未知:2535409442693219], [未知:2535411716292234], Kaname Rana1597, AntimatterCorp, Soviet Union614, DoctorL06, Luoxiyilian2313, MarIE7943, DaNaiLong KING, RiverLight38454, Shiroha77, Mengyuan7544, SteelBag8401029, JiuSi0414, ImaoyueI, kokorochan223, LingYingFox0, Teaffee4438, Ocean12000, Big chicken8959, ZiMo0512, xize2333jun, AbsurdCase40986, xiakenana, Cattle99, FangZhuBingMing, siri9V4458, Stone5koishi, LeaveSharkCat, palladio6674, GenunineColt568, mingzhouNB666, [未知:2535469693193762], ougenduqin, Exusiai5871, [未知:2535464158898895], SolidComb522181, Stone9328, Carmen789321, TanMongR233","(3780,69,-610)→(3809,100,-565)[主世界]"
2B6E2495F882,末地工程,,"MarIE7943, GenunineColt568, Luoxiyilian2313","(-3,0,-360)→(0,256,-357)[末地]"
694FE371A87D,我的小窝,,,"(-2764,-64,-2990)→(-2750,320,-2978)[主世界]"
1ABD048585ED,,,,"(480,-64,3696)→(639,320,3855)[主世界]"
1D15FAB1C6CF,违禁品仓库,,"Luoxiyilian2313, DoctorL06, Kaname Rana1597, MarIE7943, [未知:2535409442693219], RiverLight38454, Ocean12000, Soviet Union614","(3771,56,-612)→(3789,65,-598)[主世界]"
9003BFE989CD,蝾螈温泉走廊区,,"RiverLight38454, AbruptFox116621, ImaoyueI, CommetWind","(3577,-64,1805)→(3772,320,1898)[主世界]"
082EDBFBAF3C,,,,"(2268,58,1346)→(2271,59,1351)[主世界]"
D1943CC7657D,！！！,,,"(3675,-64,2775)→(3686,320,2786)[主世界]"
239A49A87586,家,,,"(1978,63,4453)→(2007,84,4485)[主世界]"
C98047C5493A,,,,"(-9201,-64,1860)→(-9196,320,1865)[主世界]"
C9CBABB5852D,新家,,,"(3416,-64,-2258)→(3500,320,-2156)[主世界]"
745BD942BAB4,,,,"(6496,39,-6624)→(6504,43,-6618)[主世界]"
16E674B9EC79,老地方,,,"(3547,60,1302)→(3568,75,1327)[主世界]"
806247E18552,Site-CN-06 Area-6,,Soviet Union614,"(3248,-64,-432)→(3407,320,-273)[主世界]"
DC4ABEE45807,,,,"(1839,-64,4799)→(1883,320,4818)[主世界]"
807AFE6C0F8D,凋零,,,"(-204,60,2353)→(-193,70,2362)[主世界]"
9EE090DB0D33,[樱树乡] 合作社 22,[樱树乡] 合作社 22,"Nacho Cat China, Carmen789321","(3056,-64,1870)→(3125,320,1969)[主世界]"
D1966BF64A90,卯月村工业区,"此领地属于 卯月村供销合作社 合作社的公有领地
牧场","ImaoyueI, MarIE7943, Mengyuan7544, kokorochan223, LingYingFox0, DoctorL06, Teaffee4438, Ocean12000, Big chicken8959, RiverLight38454, ZiMo0512, xize2333jun, AbsurdCase40986, xiakenana, Cattle99, Luoxiyilian2313, FangZhuBingMing, siri9V4458, Stone5koishi, LeaveSharkCat, palladio6674, GenunineColt568, JiuSi0414, Kaname Rana1597, DaNaiLong KING, Shiroha77, SteelBag8401029, [未知:2535409442693219], mingzhouNB666, Exusiai5871, SolidComb522181, Stone9328, Carmen789321, TanMongR233","(3554,60,-1162)→(3636,70,-1144)[主世界]"
88921D73DAD3,[樱树乡] 合作社 25,[樱树乡] 合作社 25,"Carmen789321, Nacho Cat China","(3184,-64,1740)→(3256,320,1839)[主世界]"
E3674B5B9C76,地狱门,,,"(1576,71,853)→(1580,91,853)[主世界]"
527838173042,As的抽奖机,,,"(3379,58,2738)→(3388,66,2744)[主世界]"
4308D1008F5D,[樱树乡] 合作社 29,[樱树乡] 合作社 29,"Nacho Cat China, Carmen789321","(2880,-64,1614)→(2927,320,1759)[主世界]"
1CA89635E23D,俄勒冈豪宅,,,"(1642,66,-1614)→(1701,96,-1579)[主世界]"
17AD60324D21,超大一块地,,,"(2742,-64,1958)→(2768,320,1987)[主世界]"
CBE5EB26A1C6,末地外围,,,"(-863,123,-1942)→(-860,126,-1932)[末地]"
B8CC2199DFB0,水晶洞,,,"(3745,12,3117)→(3747,14,3120)[主世界]"
DA4CB6004477,魔法使炼金书房,$visitor的魔法不生效了，怎么回事呢？,,"(3651,72,-783)→(3703,109,-744)[主世界]"
77FD38347FED,家2.0,,,"(-276,103,1846)→(-268,105,1851)[主世界]"
D68DCEAFEE54,[樱树乡] 合作社 2,[樱树乡] 合作社 2,"[未知:2535439539737216], mengyaochenming, Nacho Cat China, Carmen789321, Kaname Rana1597","(2832,-64,1872)→(2927,320,1951)[主世界]"
650FDA3D2BE0,烂尾工程¿,,ZiMo0512,"(3260,-64,-1011)→(3364,320,-815)[主世界]"
F1B6B6EC0D92,Site-CN-06 Area-4,,Soviet Union614,"(3248,-64,-112)→(3407,320,47)[主世界]"
61E0B3055D92,§h秘密传送点-玉竹家门口-,,,"(-3415,-64,-3051)→(-3414,320,-3050)[主世界]"
5D039E5A0F0B,蝾螈温泉沙滩区,,"RiverLight38454, AbruptFox116621, ImaoyueI, CommetWind","(3577,-64,1899)→(3772,320,2009)[主世界]"
018CAD061D64,[樱树乡] bing4,"此领地属于 樱树乡 合作社的公有领地
bing4","Nacho Cat China, Carmen789321","(3730,-64,516)→(3892,320,650)[主世界]"
BB6478AB7B49,寻宝,寻宝-禁破坏,,"(-151,57,-92)→(-129,74,-72)[主世界]"
ACDFAD5A5256,云杉 红狐狸,,,"(3739,-64,3234)→(3740,320,3235)[主世界]"
17D88CE039C8,（遗址,,[未知:2535461964949076],"(3219,-64,-2506)→(3236,320,-2470)[主世界]"
2C43FC6219BF,地狱堡垒,,"Soviet Union614, [未知:2535411716292234], Qiyushishuji, HuoHua7777, Heinrich4084, Kaname Rana1597, ImaoyueI, ALEX57152, GeeGBot, [未知:2535464158898895]","(-100,0,16)→(-57,128,95)[下界]"
B23ABF03FDB3,农场,,,"(3721,68,2610)→(3753,94,2659)[主世界]"
5A848C689FA9,村庄,,,"(-6333,87,-233)→(-6329,91,-228)[主世界]"
04ED5FB6EE59,冰钓点,欢迎来体验冰钓的乐趣！,,"(3755,63,63)→(3761,67,70)[主世界]"
7B4008652297,沼泽猎场,,,"(5853,62,1565)→(5854,66,1570)[主世界]"
58413127-fc39-4b12-a53b-590c1786efe0,,,,"(3462,64,2216)→(3467,69,2232)[主世界]"
CAFA6B818A03,雪原传送点,,,"(3766,-64,2930)→(3772,320,2936)[主世界]"
1D5E330B158C,狗窝,汪汪汪,,"(3360,62,3583)→(3368,69,3591)[主世界]"
D3B3C374DEFE,玛丽的雪原小屋,,,"(4454,66,-1145)→(4485,110,-1118)[主世界]"
0D7D8914D59F,螃蟹,,,"(4443,125,3373)→(4447,128,3376)[主世界]"
9895E7F812C9,古城传送门一,,,"(-3010,-35,-5690)→(-3006,-28,-5669)[主世界]"
C16D549B3955,监守者,,,"(2830,-36,-908)→(2833,-33,-903)[主世界]"
FC0561A95671,清教-天脊,告诉我，天空有尽头吗,,"(-530,156,2248)→(-522,201,2256)[主世界]"
C65771D5558B,奶龙,,"DaNaiLong KING, ImaoyueI, [未知:2535409442693219]","(3734,-45,-566)→(3762,0,-538)[主世界]"
8BE4C39C600E,[小石社]试炼3,"此领地属于 卯月村供销合作社 合作社的公有领地
","ImaoyueI, MarIE7943, Mengyuan7544, kokorochan223, LingYingFox0, DoctorL06, Teaffee4438, Ocean12000, Big chicken8959, RiverLight38454, ZiMo0512, xize2333jun, AbsurdCase40986, xiakenana, Cattle99, Luoxiyilian2313, FangZhuBingMing, siri9V4458, Stone5koishi, LeaveSharkCat, palladio6674, GenunineColt568, JiuSi0414, DaNaiLong KING, Shiroha77, SteelBag8401029, mingzhouNB666, Exusiai5871, SolidComb522181, TohoYouyouMu, Stone9328, Carmen789321, TanMongR233","(4410,-33,6597)→(4416,-29,6606)[主世界]"
20BDEB9356F5,alex,,"ALEX57152, NeiGuiYYDS","(2307,-64,1304)→(2393,320,1412)[主世界]"
2CC960E1B015,玛莉的清闲小筑,,"ImaoyueI, [未知:2535411716292234]","(3676,67,-706)→(3706,89,-672)[主世界]"
787D3F2E8EE2,,,,"(-474,-64,514)→(-466,320,522)[主世界]"
269D5A04247A,试炼一,,,"(65830,-12,62317)→(65836,-10,62323)[主世界]"
B070679462AC,baka,,,"(468,-64,-784)→(476,320,-744)[主世界]"
33317904C1F2,凋灵,,"ImaoyueI, Kelsey3410, ALEX57152, dfgzaomiao, Qiyushishuji, Ocean12000, ZiMo0512, [未知:2535469693193762], Shiroha77, MarIE7943, [未知:2535409442693219], Carmen789321, GenunineColt568, Kaname Rana1597, Stone5koishi","(3793,-3,-684)→(3803,6,-675)[主世界]"
BC76CBEE5EF6,,,,"(640,-64,3536)→(799,320,3695)[主世界]"
D5CE5C92F29A,,,,"(320,-64,3856)→(479,320,4015)[主世界]"
27499C4AD2B7,[卯月村供销合作社] 试炼2,"此领地属于 卯月村供销合作社 合作社的公有领地
试炼2","ImaoyueI, MarIE7943, Mengyuan7544, kokorochan223, LingYingFox0, DoctorL06, Teaffee4438, Ocean12000, Big chicken8959, RiverLight38454, ZiMo0512, xize2333jun, AbsurdCase40986, xiakenana, Cattle99, Luoxiyilian2313, FangZhuBingMing, siri9V4458, Stone5koishi, LeaveSharkCat, palladio6674, GenunineColt568, JiuSi0414, DaNaiLong KING, Shiroha77, SteelBag8401029, Nacho Cat China, mingzhouNB666, Exusiai5871, SolidComb522181, Stone9328, Carmen789321, TanMongR233","(-11318,4,3918)→(-11313,8,3920)[主世界]"
F8A01E18473F,[东北国营共产会社] 掠夺者哨塔,[东北国营共产会社] 掠夺者哨塔,"AntimatterCorp, [未知:2535451244239520], CommetWind, ALEX57152, [未知:2535467352923272], [未知:2535446198053596], [未知:2535457840415065], ImaoyueI","(3072,-64,-2177)→(3133,320,-2133)[主世界]"
69C11CAF84F8,[樱树乡] 合作社 9,[樱树乡] 合作社 9,"[未知:2535439539737216], mengyaochenming, Nacho Cat China, Carmen789321","(3008,-64,1824)→(3055,320,1871)[主世界]"
3A939949C12C,烈焰人,,,"(121,68,1833)→(125,78,1836)[下界]"
B211933E241A,空岛（第4象限y-1）,,,"(1552,-64,2085)→(1699,320,2191)[主世界]"
0130B9CB2E3D,家,,,"(3547,68,-2063)→(3561,73,-2049)[主世界]"
280DCE70FEFB,家,,,"(-111,-64,-22)→(-99,320,-16)[主世界]"
8CE63C95EC79,春の港湾,,Stone5koishi,"(4708,63,-1201)→(4739,95,-1164)[主世界]"
2D533FFF7BE5,水景房,,,"(3418,-64,2785)→(3427,320,2792)[主世界]"
4B911011861B,卯月农场,,"Soviet Union614, ZiMo0512, Kaname Rana1597, [未知:2535464158898895], [未知:2535409442693219], AbruptFox116621, AntimatterCorp, RiverLight38454, MarIE7943, Stone5koishi, DoctorL06, Carmen789321, [未知:2535411716292234], Ocean12000","(4004,63,-479)→(4087,93,-399)[主世界]"
AAD27572470F,[樱树乡] bing5,"此领地属于 樱树乡 合作社的公有领地
bing5","Nacho Cat China, Carmen789321","(3893,-64,516)→(3976,320,650)[主世界]"
D0E73DDCD118,小小的隙间妖怪的小小隙间,,,"(907,-64,-1609)→(985,320,-1518)[主世界]"
8a5c3b5c-f00f-453b-ba25-c34abec7d9bc,H 001,,[未知:2535421731172696],"(3610,-64,2731)→(3668,320,2804)[主世界]"
9D25612D0616,新家,,,"(4783,-64,-2246)→(4788,320,-2236)[主世界]"
E8B6AB5680DF,[卯月村供销合作社] 卯月村委会,"此领地属于 卯月村供销合作社 合作社的公有领地
卯月村委会","Qiyushishuji, DoctorL06, ImaoyueI, MarIE7943, Mengyuan7544, kokorochan223, LingYingFox0, Teaffee4438, Ocean12000, Big chicken8959, RiverLight38454, ZiMo0512, xize2333jun, AbsurdCase40986, xiakenana, Cattle99, palladio6674","(3520,63,-666)→(3564,100,-626)[主世界]"
A53D0C821D84,安全钓鱼台,欢迎来到安全钓鱼台！$visitor！请享受捕获的乐趣！,,"(3391,63,2798)→(3397,67,2803)[主世界]"
6B4680448BDB,生存基地,,,"(-1844,80,913)→(-1841,81,916)[主世界]"
EFA7422176CF,Area-CN-20,,"CommetWind, RiverLight38454, AntimatterCorp, ALEX57152, [未知:2535436219159371], StarFaith2007, Kaname Rana1597, DoctorL06, GenunineColt568, Soviet Union614, ImaoyueI, Stone5koishi","(1283,44,238)→(1322,96,280)[下界]"
EA4846F9D1B5,[樱树乡] 合作社 13,[樱树乡] 合作社 13,"mengyaochenming, Nacho Cat China, Carmen789321","(3056,-64,1760)→(3183,320,1839)[主世界]"
9D9A80C6D0F8,沙漠,,,"(111644,-64,121079)→(111646,320,121081)[主世界]"
B6F3766E3D40,[玫瑰岛共和国] 合作社 Site-41,[玫瑰岛共和国] 合作社 Site-41,,"(25,-64,1640)→(113,320,1740)[主世界]"
3F3A82EF4B90,[白玉楼协会] 合作社 神 se,[白玉楼协会] 合作社 神 se,"youyouzi115, Shiroha77, Carmen789321, NeiGuiYYDS, DoctorL06, PLR458, E761113, ShiftedChara449, TKxiao yi, Dissenotfind, qinfeng8523, Ocean12000","(3278,-64,2281)→(3321,320,2311)[主世界]"
F46C91678A06,,,,"(1207,-64,-798)→(1227,320,-779)[主世界]"
2516ECB3A9BB,摩西之家②,摩西,,"(3338,-64,2700)→(3353,320,2727)[主世界]"
F209B0DB3FDC,[合作愉快] 箱子点,[合作愉快] 箱子点,[未知:2535462613164805],"(2942,-64,4957)→(2951,320,4966)[主世界]"
7CB5DFFDC9A2,,,,"(480,-64,4336)→(639,320,4495)[主世界]"
CE835B85CB71,,,,"(0,-64,3696)→(159,320,3855)[主世界]"
B4275AEFB7E4,不起眼的小石头~,,"SolidComb522181, [未知:2535434211057244]","(237,-64,-281)→(261,320,-254)[主世界]"
E46A9303D73B,[白玉楼协会] 合作社 紫松果种植地和能源地,"此领地属于 白玉楼协会 合作社的公有领地
紫松果种植地和能源地","youyouzi115, Shiroha77, NeiGuiYYDS, DoctorL06, PLR458, E761113, ShiftedChara449, TKxiao yi, Dissenotfind, qinfeng8523, Ocean12000","(-978,-64,335)→(-870,320,410)[主世界]"
8950C2EF97A1,,,,"(6366,-19,-6674)→(6383,2,-6655)[主世界]"
EFD09924433C,[体育部] 体育之塔,[体育部] 合作社 体育之塔,"AbruptFox116621, AntimatterCorp","(3036,-64,-2223)→(3062,320,-2197)[主世界]"
CAB812004B4E,,,,"(3495,-64,2658)→(3510,320,2658)[主世界]"
00594690A618,[樱树乡] 合作社 15,[樱树乡] 合作社 15,"[未知:2535439539737216], mengyaochenming, Nacho Cat China, Carmen789321","(2928,-64,1520)→(3055,320,1647)[主世界]"
BBB0B1C6255A,,,ImaoyueI,"(3978,-64,4647)→(4046,320,4711)[主世界]"
E22216D2CB00,,,,"(0,-64,3856)→(159,320,4015)[主世界]"
E0BCE80B3477,[魔法使会所] 合作社 魔法使會所,[魔法使会所] 合作社 魔法使會所,[未知:2535469693193762],"(3387,-64,-2067)→(3446,320,-1954)[主世界]"
2B46E8E88312,村民交易所-附属领地,[盖玛特里亚] 合作社 交易所-附属领地,,"(4208,-64,3328)→(4303,320,3535)[主世界]"
77640481AFEC,[樱树乡] 冰1,"此领地属于 樱树乡 合作社的公有领地
冰1","Nacho Cat China, Carmen789321","(3816,-64,241)→(3893,320,379)[主世界]"
843A092B9034,[小石社]试炼2,"此领地属于 卯月村供销合作社 合作社的公有领地
试炼","ImaoyueI, MarIE7943, Mengyuan7544, kokorochan223, LingYingFox0, DoctorL06, Teaffee4438, Ocean12000, Big chicken8959, RiverLight38454, ZiMo0512, xize2333jun, AbsurdCase40986, xiakenana, Cattle99, Luoxiyilian2313, FangZhuBingMing, siri9V4458, Stone5koishi, LeaveSharkCat, palladio6674, GenunineColt568, JiuSi0414, DaNaiLong KING, Shiroha77, SteelBag8401029, mingzhouNB666, Exusiai5871, SolidComb522181, TohoYouyouMu, Stone9328, Carmen789321, TanMongR233","(6191,-12,-9737)→(6198,-10,-9728)[主世界]"
7AE3BCA421D1,小麦,,htdl19083669,"(-905,62,496)→(-903,63,498)[主世界]"
1DDFE98F83A3,西行人民州联 委员会宫,,RiverLight38454,"(-726,-64,-32)→(-612,320,60)[主世界]"
2F01DC3E5774,[体育部] 海底玻璃屋,"此领地属于 体育部 合作社的公有领地
海底玻璃屋",,"(3213,-64,3569)→(3224,320,3580)[主世界]"
304C8B2D54EC,建,,,"(4491,62,1275)→(4500,63,1287)[主世界]"
21616DD0D6CC,明州,,,"(3927,64,-664)→(3959,82,-644)[主世界]"